pair_id,reason,declared_query
TEST-ARRAY-LOOP-01-PARSER-FALLBACK,OUTSIDE_SAME_LANGUAGE_KNOWN_LABEL_SCOPE,
XL2-SIMPLE-IO-01,OUTSIDE_SAME_LANGUAGE_KNOWN_LABEL_SCOPE,
XL2-ARRAY-LOOP-02,OUTSIDE_SAME_LANGUAGE_KNOWN_LABEL_SCOPE,
XL2-BFS-03,OUTSIDE_SAME_LANGUAGE_KNOWN_LABEL_SCOPE,
XL2-DP-04,OUTSIDE_SAME_LANGUAGE_KNOWN_LABEL_SCOPE,
XL2-COMMON-STRUCTURE-05,OUTSIDE_SAME_LANGUAGE_KNOWN_LABEL_SCOPE,
XL2-UNSUPPORTED-06,OUTSIDE_SAME_LANGUAGE_KNOWN_LABEL_SCOPE,
XL2-PARSE-FAILURE-07,OUTSIDE_SAME_LANGUAGE_KNOWN_LABEL_SCOPE,
SEED-VALIDATION-04-STRING-PROCESSING-03-AI_REWRITE,OUTSIDE_SAME_LANGUAGE_KNOWN_LABEL_SCOPE,
SEED-VALIDATION-05-DFS-GRAPH-01-CROSSLANG_REWRITE,OUTSIDE_SAME_LANGUAGE_KNOWN_LABEL_SCOPE,
SEED-VALIDATION-08-SIMULATION-02-CROSSLANG_REWRITE,OUTSIDE_SAME_LANGUAGE_KNOWN_LABEL_SCOPE,
SEED-VALIDATION-08-SIMULATION-03-AI_REWRITE,OUTSIDE_SAME_LANGUAGE_KNOWN_LABEL_SCOPE,
SEED-TEST-01-SIMPLE-IO-03-CROSSLANG_REWRITE,OUTSIDE_SAME_LANGUAGE_KNOWN_LABEL_SCOPE,
SEED-TEST-03-SORT-TEMPLATE-03-AI_REWRITE,OUTSIDE_SAME_LANGUAGE_KNOWN_LABEL_SCOPE,
SEED-TEST-06-BFS-GRAPH-01-CROSSLANG_REWRITE,OUTSIDE_SAME_LANGUAGE_KNOWN_LABEL_SCOPE,
SEED-TEST-08-SIMULATION-03-AI_REWRITE,OUTSIDE_SAME_LANGUAGE_KNOWN_LABEL_SCOPE,
