pair_id,split,query_id,candidateStatus,modelReviewStatus,modelOutcomes,humanReviewStatus,score
VALIDATION-SIMPLE-IO-01-RENAME,validation,,PIPELINE_BLOCKED,UNAVAILABLE,,NOT_ASSESSED,
VALIDATION-SIMPLE-IO-01-NATURAL,validation,,PIPELINE_BLOCKED,UNAVAILABLE,,NOT_ASSESSED,
VALIDATION-SIMPLE-IO-01-INDEPENDENT,validation,,PIPELINE_BLOCKED,UNAVAILABLE,,NOT_ASSESSED,
TEST-SIMPLE-IO-01-RENAME,test,,PIPELINE_BLOCKED,UNAVAILABLE,,NOT_ASSESSED,
TEST-SIMPLE-IO-01-NATURAL,test,,PIPELINE_BLOCKED,UNAVAILABLE,,NOT_ASSESSED,
TEST-SIMPLE-IO-01-INDEPENDENT,test,,PIPELINE_BLOCKED,UNAVAILABLE,,NOT_ASSESSED,
TEST-SIMPLE-IO-01-SUSPICIOUS-FORMAT,test,,PIPELINE_BLOCKED,UNAVAILABLE,,NOT_ASSESSED,
VALIDATION-ARRAY-LOOP-01-RENAME,validation,,PIPELINE_BLOCKED,UNAVAILABLE,,NOT_ASSESSED,
VALIDATION-ARRAY-LOOP-01-NATURAL,validation,,PIPELINE_BLOCKED,UNAVAILABLE,,NOT_ASSESSED,
VALIDATION-ARRAY-LOOP-01-INDEPENDENT,validation,,PIPELINE_BLOCKED,UNAVAILABLE,,NOT_ASSESSED,
TEST-ARRAY-LOOP-01-RENAME,test,,PIPELINE_BLOCKED,UNAVAILABLE,,NOT_ASSESSED,
TEST-ARRAY-LOOP-01-NATURAL,test,,PIPELINE_BLOCKED,UNAVAILABLE,,NOT_ASSESSED,
TEST-ARRAY-LOOP-01-INDEPENDENT,test,,PIPELINE_BLOCKED,UNAVAILABLE,,NOT_ASSESSED,
TEST-ARRAY-LOOP-01-SUSPICIOUS-FORMAT,test,,PIPELINE_BLOCKED,UNAVAILABLE,,NOT_ASSESSED,
VALIDATION-SORT-TEMPLATE-01-RENAME,validation,,PIPELINE_BLOCKED,UNAVAILABLE,,NOT_ASSESSED,
VALIDATION-SORT-TEMPLATE-01-NATURAL,validation,,PIPELINE_BLOCKED,UNAVAILABLE,,NOT_ASSESSED,
VALIDATION-SORT-TEMPLATE-01-INDEPENDENT,validation,,PIPELINE_BLOCKED,UNAVAILABLE,,NOT_ASSESSED,
TEST-SORT-TEMPLATE-01-RENAME,test,,PIPELINE_BLOCKED,UNAVAILABLE,,NOT_ASSESSED,
TEST-SORT-TEMPLATE-01-NATURAL,test,,PIPELINE_BLOCKED,UNAVAILABLE,,NOT_ASSESSED,
TEST-SORT-TEMPLATE-01-INDEPENDENT,test,,PIPELINE_BLOCKED,UNAVAILABLE,,NOT_ASSESSED,
TEST-SORT-TEMPLATE-01-SUSPICIOUS-FORMAT,test,,PIPELINE_BLOCKED,UNAVAILABLE,,NOT_ASSESSED,
VALIDATION-DFS-GRAPH-01-RENAME,validation,,PIPELINE_BLOCKED,UNAVAILABLE,,NOT_ASSESSED,
VALIDATION-DFS-GRAPH-01-NATURAL,validation,,PIPELINE_BLOCKED,UNAVAILABLE,,NOT_ASSESSED,
VALIDATION-DFS-GRAPH-01-INDEPENDENT,validation,,PIPELINE_BLOCKED,UNAVAILABLE,,NOT_ASSESSED,
TEST-DFS-GRAPH-01-RENAME,test,,PIPELINE_BLOCKED,UNAVAILABLE,,NOT_ASSESSED,
TEST-DFS-GRAPH-01-NATURAL,test,,PIPELINE_BLOCKED,UNAVAILABLE,,NOT_ASSESSED,
TEST-DFS-GRAPH-01-INDEPENDENT,test,,PIPELINE_BLOCKED,UNAVAILABLE,,NOT_ASSESSED,
TEST-DFS-GRAPH-01-SUSPICIOUS-FORMAT,test,,PIPELINE_BLOCKED,UNAVAILABLE,,NOT_ASSESSED,
VALIDATION-DP-VARIANT-01-RENAME,validation,,PIPELINE_BLOCKED,UNAVAILABLE,,NOT_ASSESSED,
VALIDATION-DP-VARIANT-01-NATURAL,validation,,PIPELINE_BLOCKED,UNAVAILABLE,,NOT_ASSESSED,
VALIDATION-DP-VARIANT-01-INDEPENDENT,validation,,PIPELINE_BLOCKED,UNAVAILABLE,,NOT_ASSESSED,
TEST-DP-VARIANT-01-RENAME,test,,PIPELINE_BLOCKED,UNAVAILABLE,,NOT_ASSESSED,
TEST-DP-VARIANT-01-NATURAL,test,,PIPELINE_BLOCKED,UNAVAILABLE,,NOT_ASSESSED,
TEST-DP-VARIANT-01-INDEPENDENT,test,,PIPELINE_BLOCKED,UNAVAILABLE,,NOT_ASSESSED,
TEST-DP-VARIANT-01-SUSPICIOUS-FORMAT,test,,PIPELINE_BLOCKED,UNAVAILABLE,,NOT_ASSESSED,
SEED-VALIDATION-01-SIMPLE-IO-01-NATURAL_TEMPLATE,validation,,PIPELINE_BLOCKED,UNAVAILABLE,,NOT_ASSESSED,
SEED-VALIDATION-01-SIMPLE-IO-02-PARAMETER_RENAME,validation,,PIPELINE_BLOCKED,UNAVAILABLE,,NOT_ASSESSED,
SEED-VALIDATION-01-SIMPLE-IO-03-FORMAT_COMMENT_CHANGE,validation,,PIPELINE_BLOCKED,UNAVAILABLE,,NOT_ASSESSED,
SEED-VALIDATION-02-ARRAY-LOOP-01-VARIABLE_RENAME,validation,,PIPELINE_BLOCKED,UNAVAILABLE,,NOT_ASSESSED,
SEED-VALIDATION-02-ARRAY-LOOP-02-LOCAL_REORDER,validation,,PIPELINE_BLOCKED,UNAVAILABLE,,NOT_ASSESSED,
SEED-VALIDATION-02-ARRAY-LOOP-03-INDEPENDENT_SOLUTION,validation,,PIPELINE_BLOCKED,UNAVAILABLE,,NOT_ASSESSED,
SEED-VALIDATION-03-SORT-TEMPLATE-01-FUNCTION_RENAME,validation,,PIPELINE_BLOCKED,UNAVAILABLE,,NOT_ASSESSED,
SEED-VALIDATION-03-SORT-TEMPLATE-02-HUMAN_REWRITE,validation,,PIPELINE_BLOCKED,UNAVAILABLE,,NOT_ASSESSED,
SEED-VALIDATION-03-SORT-TEMPLATE-03-COMMON_STRUCTURE,validation,,PIPELINE_BLOCKED,UNAVAILABLE,,NOT_ASSESSED,
SEED-VALIDATION-04-STRING-PROCESSING-01-SPLIT_MERGE,validation,,PIPELINE_BLOCKED,UNAVAILABLE,,NOT_ASSESSED,
SEED-VALIDATION-04-STRING-PROCESSING-02-UNSUPPORTED_SYNTAX,validation,,PIPELINE_BLOCKED,UNAVAILABLE,,NOT_ASSESSED,
SEED-VALIDATION-05-DFS-GRAPH-02-VARIABLE_RENAME,validation,,PIPELINE_BLOCKED,UNAVAILABLE,,NOT_ASSESSED,
SEED-VALIDATION-05-DFS-GRAPH-03-NATURAL_TEMPLATE,validation,,PIPELINE_BLOCKED,UNAVAILABLE,,NOT_ASSESSED,
SEED-VALIDATION-06-BFS-GRAPH-01-HUMAN_REWRITE,validation,,PIPELINE_BLOCKED,UNAVAILABLE,,NOT_ASSESSED,
SEED-VALIDATION-06-BFS-GRAPH-02-FUNCTION_RENAME,validation,,PIPELINE_BLOCKED,UNAVAILABLE,,NOT_ASSESSED,
SEED-VALIDATION-06-BFS-GRAPH-03-INDEPENDENT_SOLUTION,validation,,PIPELINE_BLOCKED,UNAVAILABLE,,NOT_ASSESSED,
SEED-VALIDATION-07-DP-VARIANT-01-SPLIT_MERGE,validation,,PIPELINE_BLOCKED,UNAVAILABLE,,NOT_ASSESSED,
SEED-VALIDATION-07-DP-VARIANT-02-PARAMETER_RENAME,validation,,PIPELINE_BLOCKED,UNAVAILABLE,,NOT_ASSESSED,
SEED-VALIDATION-07-DP-VARIANT-03-COMMON_STRUCTURE,validation,,PIPELINE_BLOCKED,UNAVAILABLE,,NOT_ASSESSED,
SEED-VALIDATION-08-SIMULATION-01-LOCAL_REORDER,validation,,PIPELINE_BLOCKED,UNAVAILABLE,,NOT_ASSESSED,
SEED-TEST-01-SIMPLE-IO-01-HUMAN_REWRITE,test,,PIPELINE_BLOCKED,UNAVAILABLE,,NOT_ASSESSED,
SEED-TEST-01-SIMPLE-IO-02-INDEPENDENT_SOLUTION,test,,PIPELINE_BLOCKED,UNAVAILABLE,,NOT_ASSESSED,
SEED-TEST-02-ARRAY-LOOP-01-NATURAL_TEMPLATE,test,,PIPELINE_BLOCKED,UNAVAILABLE,,NOT_ASSESSED,
SEED-TEST-02-ARRAY-LOOP-02-VARIABLE_RENAME,test,,PIPELINE_BLOCKED,UNAVAILABLE,,NOT_ASSESSED,
SEED-TEST-02-ARRAY-LOOP-03-UNSUPPORTED_SYNTAX,test,,PIPELINE_BLOCKED,UNAVAILABLE,,NOT_ASSESSED,
SEED-TEST-03-SORT-TEMPLATE-01-FORMAT_COMMENT_CHANGE,test,,PIPELINE_BLOCKED,UNAVAILABLE,,NOT_ASSESSED,
SEED-TEST-03-SORT-TEMPLATE-02-LOCAL_REORDER,test,,PIPELINE_BLOCKED,UNAVAILABLE,,NOT_ASSESSED,
SEED-TEST-04-STRING-PROCESSING-01-FUNCTION_RENAME,test,,PIPELINE_BLOCKED,UNAVAILABLE,,NOT_ASSESSED,
SEED-TEST-04-STRING-PROCESSING-02-PARAMETER_RENAME,test,,PIPELINE_BLOCKED,UNAVAILABLE,,NOT_ASSESSED,
SEED-TEST-04-STRING-PROCESSING-03-COMMON_STRUCTURE,test,,PIPELINE_BLOCKED,UNAVAILABLE,,NOT_ASSESSED,
SEED-TEST-05-DFS-GRAPH-01-SPLIT_MERGE,test,,PIPELINE_BLOCKED,UNAVAILABLE,,NOT_ASSESSED,
SEED-TEST-05-DFS-GRAPH-02-HUMAN_REWRITE,test,,PIPELINE_BLOCKED,UNAVAILABLE,,NOT_ASSESSED,
SEED-TEST-05-DFS-GRAPH-03-NATURAL_TEMPLATE,test,,PIPELINE_BLOCKED,UNAVAILABLE,,NOT_ASSESSED,
SEED-TEST-06-BFS-GRAPH-02-COMMON_STRUCTURE,test,,PIPELINE_BLOCKED,UNAVAILABLE,,NOT_ASSESSED,
SEED-TEST-06-BFS-GRAPH-03-UNSUPPORTED_SYNTAX,test,,PIPELINE_BLOCKED,UNAVAILABLE,,NOT_ASSESSED,
SEED-TEST-07-DP-VARIANT-01-VARIABLE_RENAME,test,,PIPELINE_BLOCKED,UNAVAILABLE,,NOT_ASSESSED,
SEED-TEST-07-DP-VARIANT-02-FORMAT_COMMENT_CHANGE,test,,PIPELINE_BLOCKED,UNAVAILABLE,,NOT_ASSESSED,
SEED-TEST-07-DP-VARIANT-03-INDEPENDENT_SOLUTION,test,,PIPELINE_BLOCKED,UNAVAILABLE,,NOT_ASSESSED,
SEED-TEST-08-SIMULATION-01-LOCAL_REORDER,test,,PIPELINE_BLOCKED,UNAVAILABLE,,NOT_ASSESSED,
SEED-TEST-08-SIMULATION-02-SPLIT_MERGE,test,,PIPELINE_BLOCKED,UNAVAILABLE,,NOT_ASSESSED,
