pair_id,reason
VALIDATION-SIMPLE-IO-01-RENAME,COMPLETE_ANCHORED_QUERY_POOL_REQUIRED
VALIDATION-SIMPLE-IO-01-NATURAL,COMPLETE_ANCHORED_QUERY_POOL_REQUIRED
VALIDATION-SIMPLE-IO-01-INDEPENDENT,COMPLETE_ANCHORED_QUERY_POOL_REQUIRED
TEST-SIMPLE-IO-01-RENAME,COMPLETE_ANCHORED_QUERY_POOL_REQUIRED
TEST-SIMPLE-IO-01-NATURAL,COMPLETE_ANCHORED_QUERY_POOL_REQUIRED
TEST-SIMPLE-IO-01-INDEPENDENT,COMPLETE_ANCHORED_QUERY_POOL_REQUIRED
TEST-SIMPLE-IO-01-SUSPICIOUS-FORMAT,COMPLETE_ANCHORED_QUERY_POOL_REQUIRED
VALIDATION-ARRAY-LOOP-01-RENAME,COMPLETE_ANCHORED_QUERY_POOL_REQUIRED
VALIDATION-ARRAY-LOOP-01-NATURAL,COMPLETE_ANCHORED_QUERY_POOL_REQUIRED
VALIDATION-ARRAY-LOOP-01-INDEPENDENT,COMPLETE_ANCHORED_QUERY_POOL_REQUIRED
TEST-ARRAY-LOOP-01-RENAME,COMPLETE_ANCHORED_QUERY_POOL_REQUIRED
TEST-ARRAY-LOOP-01-NATURAL,COMPLETE_ANCHORED_QUERY_POOL_REQUIRED
TEST-ARRAY-LOOP-01-INDEPENDENT,COMPLETE_ANCHORED_QUERY_POOL_REQUIRED
TEST-ARRAY-LOOP-01-SUSPICIOUS-FORMAT,COMPLETE_ANCHORED_QUERY_POOL_REQUIRED
VALIDATION-SORT-TEMPLATE-01-RENAME,COMPLETE_ANCHORED_QUERY_POOL_REQUIRED
VALIDATION-SORT-TEMPLATE-01-NATURAL,COMPLETE_ANCHORED_QUERY_POOL_REQUIRED
VALIDATION-SORT-TEMPLATE-01-INDEPENDENT,COMPLETE_ANCHORED_QUERY_POOL_REQUIRED
TEST-SORT-TEMPLATE-01-RENAME,COMPLETE_ANCHORED_QUERY_POOL_REQUIRED
TEST-SORT-TEMPLATE-01-NATURAL,COMPLETE_ANCHORED_QUERY_POOL_REQUIRED
TEST-SORT-TEMPLATE-01-INDEPENDENT,COMPLETE_ANCHORED_QUERY_POOL_REQUIRED
TEST-SORT-TEMPLATE-01-SUSPICIOUS-FORMAT,COMPLETE_ANCHORED_QUERY_POOL_REQUIRED
VALIDATION-DFS-GRAPH-01-RENAME,COMPLETE_ANCHORED_QUERY_POOL_REQUIRED
VALIDATION-DFS-GRAPH-01-NATURAL,COMPLETE_ANCHORED_QUERY_POOL_REQUIRED
VALIDATION-DFS-GRAPH-01-INDEPENDENT,COMPLETE_ANCHORED_QUERY_POOL_REQUIRED
TEST-DFS-GRAPH-01-RENAME,COMPLETE_ANCHORED_QUERY_POOL_REQUIRED
TEST-DFS-GRAPH-01-NATURAL,COMPLETE_ANCHORED_QUERY_POOL_REQUIRED
TEST-DFS-GRAPH-01-INDEPENDENT,COMPLETE_ANCHORED_QUERY_POOL_REQUIRED
TEST-DFS-GRAPH-01-SUSPICIOUS-FORMAT,COMPLETE_ANCHORED_QUERY_POOL_REQUIRED
VALIDATION-DP-VARIANT-01-RENAME,COMPLETE_ANCHORED_QUERY_POOL_REQUIRED
VALIDATION-DP-VARIANT-01-NATURAL,COMPLETE_ANCHORED_QUERY_POOL_REQUIRED
VALIDATION-DP-VARIANT-01-INDEPENDENT,COMPLETE_ANCHORED_QUERY_POOL_REQUIRED
TEST-DP-VARIANT-01-RENAME,COMPLETE_ANCHORED_QUERY_POOL_REQUIRED
TEST-DP-VARIANT-01-NATURAL,COMPLETE_ANCHORED_QUERY_POOL_REQUIRED
TEST-DP-VARIANT-01-INDEPENDENT,COMPLETE_ANCHORED_QUERY_POOL_REQUIRED
TEST-DP-VARIANT-01-SUSPICIOUS-FORMAT,COMPLETE_ANCHORED_QUERY_POOL_REQUIRED
SEED-VALIDATION-01-SIMPLE-IO-01-NATURAL_TEMPLATE,COMPLETE_ANCHORED_QUERY_POOL_REQUIRED
SEED-VALIDATION-01-SIMPLE-IO-02-PARAMETER_RENAME,COMPLETE_ANCHORED_QUERY_POOL_REQUIRED
SEED-VALIDATION-01-SIMPLE-IO-03-FORMAT_COMMENT_CHANGE,COMPLETE_ANCHORED_QUERY_POOL_REQUIRED
SEED-VALIDATION-02-ARRAY-LOOP-01-VARIABLE_RENAME,COMPLETE_ANCHORED_QUERY_POOL_REQUIRED
SEED-VALIDATION-02-ARRAY-LOOP-02-LOCAL_REORDER,COMPLETE_ANCHORED_QUERY_POOL_REQUIRED
SEED-VALIDATION-02-ARRAY-LOOP-03-INDEPENDENT_SOLUTION,COMPLETE_ANCHORED_QUERY_POOL_REQUIRED
SEED-VALIDATION-03-SORT-TEMPLATE-01-FUNCTION_RENAME,COMPLETE_ANCHORED_QUERY_POOL_REQUIRED
SEED-VALIDATION-03-SORT-TEMPLATE-02-HUMAN_REWRITE,COMPLETE_ANCHORED_QUERY_POOL_REQUIRED
SEED-VALIDATION-03-SORT-TEMPLATE-03-COMMON_STRUCTURE,COMPLETE_ANCHORED_QUERY_POOL_REQUIRED
SEED-VALIDATION-04-STRING-PROCESSING-01-SPLIT_MERGE,COMPLETE_ANCHORED_QUERY_POOL_REQUIRED
SEED-VALIDATION-04-STRING-PROCESSING-02-UNSUPPORTED_SYNTAX,COMPLETE_ANCHORED_QUERY_POOL_REQUIRED
SEED-VALIDATION-05-DFS-GRAPH-02-VARIABLE_RENAME,COMPLETE_ANCHORED_QUERY_POOL_REQUIRED
SEED-VALIDATION-05-DFS-GRAPH-03-NATURAL_TEMPLATE,COMPLETE_ANCHORED_QUERY_POOL_REQUIRED
SEED-VALIDATION-06-BFS-GRAPH-01-HUMAN_REWRITE,COMPLETE_ANCHORED_QUERY_POOL_REQUIRED
SEED-VALIDATION-06-BFS-GRAPH-02-FUNCTION_RENAME,COMPLETE_ANCHORED_QUERY_POOL_REQUIRED
SEED-VALIDATION-06-BFS-GRAPH-03-INDEPENDENT_SOLUTION,COMPLETE_ANCHORED_QUERY_POOL_REQUIRED
SEED-VALIDATION-07-DP-VARIANT-01-SPLIT_MERGE,COMPLETE_ANCHORED_QUERY_POOL_REQUIRED
SEED-VALIDATION-07-DP-VARIANT-02-PARAMETER_RENAME,COMPLETE_ANCHORED_QUERY_POOL_REQUIRED
SEED-VALIDATION-07-DP-VARIANT-03-COMMON_STRUCTURE,COMPLETE_ANCHORED_QUERY_POOL_REQUIRED
SEED-VALIDATION-08-SIMULATION-01-LOCAL_REORDER,COMPLETE_ANCHORED_QUERY_POOL_REQUIRED
SEED-TEST-01-SIMPLE-IO-01-HUMAN_REWRITE,COMPLETE_ANCHORED_QUERY_POOL_REQUIRED
SEED-TEST-01-SIMPLE-IO-02-INDEPENDENT_SOLUTION,COMPLETE_ANCHORED_QUERY_POOL_REQUIRED
SEED-TEST-02-ARRAY-LOOP-01-NATURAL_TEMPLATE,COMPLETE_ANCHORED_QUERY_POOL_REQUIRED
SEED-TEST-02-ARRAY-LOOP-02-VARIABLE_RENAME,COMPLETE_ANCHORED_QUERY_POOL_REQUIRED
SEED-TEST-02-ARRAY-LOOP-03-UNSUPPORTED_SYNTAX,COMPLETE_ANCHORED_QUERY_POOL_REQUIRED
SEED-TEST-03-SORT-TEMPLATE-01-FORMAT_COMMENT_CHANGE,COMPLETE_ANCHORED_QUERY_POOL_REQUIRED
SEED-TEST-03-SORT-TEMPLATE-02-LOCAL_REORDER,COMPLETE_ANCHORED_QUERY_POOL_REQUIRED
SEED-TEST-04-STRING-PROCESSING-01-FUNCTION_RENAME,COMPLETE_ANCHORED_QUERY_POOL_REQUIRED
SEED-TEST-04-STRING-PROCESSING-02-PARAMETER_RENAME,COMPLETE_ANCHORED_QUERY_POOL_REQUIRED
SEED-TEST-04-STRING-PROCESSING-03-COMMON_STRUCTURE,COMPLETE_ANCHORED_QUERY_POOL_REQUIRED
SEED-TEST-05-DFS-GRAPH-01-SPLIT_MERGE,COMPLETE_ANCHORED_QUERY_POOL_REQUIRED
SEED-TEST-05-DFS-GRAPH-02-HUMAN_REWRITE,COMPLETE_ANCHORED_QUERY_POOL_REQUIRED
SEED-TEST-05-DFS-GRAPH-03-NATURAL_TEMPLATE,COMPLETE_ANCHORED_QUERY_POOL_REQUIRED
SEED-TEST-06-BFS-GRAPH-02-COMMON_STRUCTURE,COMPLETE_ANCHORED_QUERY_POOL_REQUIRED
SEED-TEST-06-BFS-GRAPH-03-UNSUPPORTED_SYNTAX,COMPLETE_ANCHORED_QUERY_POOL_REQUIRED
SEED-TEST-07-DP-VARIANT-01-VARIABLE_RENAME,COMPLETE_ANCHORED_QUERY_POOL_REQUIRED
SEED-TEST-07-DP-VARIANT-02-FORMAT_COMMENT_CHANGE,COMPLETE_ANCHORED_QUERY_POOL_REQUIRED
SEED-TEST-07-DP-VARIANT-03-INDEPENDENT_SOLUTION,COMPLETE_ANCHORED_QUERY_POOL_REQUIRED
SEED-TEST-08-SIMULATION-01-LOCAL_REORDER,COMPLETE_ANCHORED_QUERY_POOL_REQUIRED
SEED-TEST-08-SIMULATION-02-SPLIT_MERGE,COMPLETE_ANCHORED_QUERY_POOL_REQUIRED
