submissionName1,submissionName2,averageSimilarity,maxSimilarity
a195911e-42f7a8829746f3b7,a195911e-4ebe2be40f074a21,1.0,1.0
1469697d-4066bb6afb1a00fb,69c86b61-4066bb6afb1a00fb,1.0,1.0
3412b353-3612df00de54512a,528a6162-3612df00de54512a,1.0,1.0
80cc284c-8384e0009a314185,624529e3-40428446629a5943,0.9719626168224299,0.9811320754716981
54d7c21e-581e372a956c751e,a7e7f371-3d5bd9e83dce6481,0.9529411764705882,0.9529411764705882
a7d1ce58-d11949ddfe1b14a5,1480a727-184dd848302a1e53,0.9052631578947369,0.9247311827956989
54d7c21e-581e372a956c751e,80881cae-ce82ca297a5085e4,0.8888888888888888,0.8941176470588236
a7e7f371-3d5bd9e83dce6481,80881cae-ce82ca297a5085e4,0.8654970760233918,0.8705882352941177
22dff786-17037264c8318371,ad2a1ae2-59a3464b36e05b2e,0.8235294117647058,0.8571428571428571
ad2a1ae2-59a3464b36e05b2e,624529e3-40428446629a5943,0.8037383177570093,0.8113207547169812
80881cae-ce82ca297a5085e4,ad4c7a20-dbfadfa98471a429,0.783068783068783,0.8604651162790697
80cc284c-8384e0009a314185,ad2a1ae2-59a3464b36e05b2e,0.7735849056603774,0.7735849056603774
22dff786-17037264c8318371,b76bce8a-89488903af269f23,0.7692307692307693,0.9183673469387755
ad2a1ae2-59a3464b36e05b2e,23194f89-647be20f665e0d73,0.7636363636363637,0.7924528301886793
80cc284c-8384e0009a314185,31cdf5fe-9d6bb57b9a219a61,0.7522935779816514,0.7735849056603774
ad2a1ae2-59a3464b36e05b2e,31cdf5fe-9d6bb57b9a219a61,0.7522935779816514,0.7735849056603774
ad2a1ae2-59a3464b36e05b2e,1c90c367-8bf45a17560c1c20,0.75,0.8490566037735849
624529e3-40428446629a5943,31cdf5fe-9d6bb57b9a219a61,0.7454545454545455,0.7592592592592593
22dff786-17037264c8318371,80cc284c-8384e0009a314185,0.7450980392156863,0.7755102040816326
a7e7f371-3d5bd9e83dce6481,ad4c7a20-dbfadfa98471a429,0.7446808510638298,0.8235294117647058
22dff786-17037264c8318371,624529e3-40428446629a5943,0.7378640776699029,0.7755102040816326
3ff25f43-cd9b7655fd701067,c287ea9d-e63ca730a2a19bd9,0.7191011235955056,0.7804878048780488
ad2a1ae2-59a3464b36e05b2e,72d4d693-5113b88459bc233b,0.7130434782608696,0.7735849056603774
22dff786-17037264c8318371,72d4d693-5113b88459bc233b,0.7027027027027027,0.7959183673469388
597195ee-b4ba1269655144c9,ee0bc145-17afde983fbbb4ba,0.7027027027027027,0.7123287671232876
54d7c21e-581e372a956c751e,ad4c7a20-dbfadfa98471a429,0.6808510638297872,0.7529411764705882
72d4d693-5113b88459bc233b,b76bce8a-89488903af269f23,0.6615384615384615,0.6935483870967742
31cdf5fe-9d6bb57b9a219a61,9310ad0c-01a38beff8ee3178,0.6608695652173913,0.6785714285714286
9310ad0c-01a38beff8ee3178,d2901569-f41c7e83bedb2435,0.6386554621848739,0.6440677966101694
624529e3-40428446629a5943,72d4d693-5113b88459bc233b,0.6379310344827587,0.6851851851851852
22dff786-17037264c8318371,1c90c367-8bf45a17560c1c20,0.6379310344827587,0.7551020408163265
ad2a1ae2-59a3464b36e05b2e,f36138e7-577dba86944edbdf,0.6306306306306306,0.660377358490566
2b8f032c-cfbafb1d555ffaa5,2e404969-800b10ae37e3d7ce,0.6306306306306306,0.7777777777777778
8703709f-021cb82b82f73d63,2e404969-800b10ae37e3d7ce,0.6299212598425197,0.6557377049180327
22dff786-17037264c8318371,9310ad0c-01a38beff8ee3178,0.6296296296296297,0.6938775510204082
ad2a1ae2-59a3464b36e05b2e,b76bce8a-89488903af269f23,0.628099173553719,0.7169811320754716
ad2a1ae2-59a3464b36e05b2e,9310ad0c-01a38beff8ee3178,0.625,0.660377358490566
80cc284c-8384e0009a314185,d2901569-f41c7e83bedb2435,0.6194690265486725,0.660377358490566
624529e3-40428446629a5943,9310ad0c-01a38beff8ee3178,0.6194690265486725,0.6481481481481481
31cdf5fe-9d6bb57b9a219a61,f36138e7-577dba86944edbdf,0.6140350877192983,0.625
624529e3-40428446629a5943,d2901569-f41c7e83bedb2435,0.6140350877192983,0.6481481481481481
597195ee-b4ba1269655144c9,5f3a196a-ae2bf1c55cca8075,0.6125,0.6712328767123288
1c90c367-8bf45a17560c1c20,b76bce8a-89488903af269f23,0.6074074074074074,0.6119402985074627
80cc284c-8384e0009a314185,9310ad0c-01a38beff8ee3178,0.6071428571428571,0.6415094339622641
624529e3-40428446629a5943,f36138e7-577dba86944edbdf,0.6071428571428571,0.6296296296296297
624529e3-40428446629a5943,b76bce8a-89488903af269f23,0.6065573770491803,0.6851851851851852
22dff786-17037264c8318371,476e94d3-c0036197a4b16c2f,0.6060606060606061,0.8163265306122449
23194f89-647be20f665e0d73,72d4d693-5113b88459bc233b,0.6050420168067226,0.631578947368421
22dff786-17037264c8318371,23194f89-647be20f665e0d73,0.6037735849056604,0.6530612244897959
2b8f032c-cfbafb1d555ffaa5,8703709f-021cb82b82f73d63,0.6037735849056604,0.7111111111111111
31cdf5fe-9d6bb57b9a219a61,d2901569-f41c7e83bedb2435,0.603448275862069,0.625
31cdf5fe-9d6bb57b9a219a61,23194f89-647be20f665e0d73,0.6017699115044248,0.6071428571428571
624529e3-40428446629a5943,476e94d3-c0036197a4b16c2f,0.5985401459854015,0.7592592592592593
2b8f032c-cfbafb1d555ffaa5,22dff786-17037264c8318371,0.5957446808510638,0.6222222222222222
80cc284c-8384e0009a314185,f36138e7-577dba86944edbdf,0.5945945945945946,0.6226415094339622
31cdf5fe-9d6bb57b9a219a61,3ff25f43-cd9b7655fd701067,0.5942028985507246,0.7321428571428571
22dff786-17037264c8318371,31cdf5fe-9d6bb57b9a219a61,0.5904761904761905,0.6326530612244898
23194f89-647be20f665e0d73,d76e3b9d-4ded814e5b9a3ab7,0.5826771653543307,0.6491228070175439
476e94d3-c0036197a4b16c2f,c287ea9d-e63ca730a2a19bd9,0.5810055865921788,0.6265060240963856
624529e3-40428446629a5943,d76e3b9d-4ded814e5b9a3ab7,0.5806451612903226,0.6666666666666666
80cc284c-8384e0009a314185,b76bce8a-89488903af269f23,0.5785123966942148,0.660377358490566
9310ad0c-01a38beff8ee3178,72d4d693-5113b88459bc233b,0.5785123966942148,0.5932203389830508
597195ee-b4ba1269655144c9,476e94d3-c0036197a4b16c2f,0.5769230769230769,0.6164383561643836
624529e3-40428446629a5943,23194f89-647be20f665e0d73,0.5765765765765766,0.5925925925925926
b76bce8a-89488903af269f23,476e94d3-c0036197a4b16c2f,0.5695364238410596,0.6323529411764706
80cc284c-8384e0009a314185,d76e3b9d-4ded814e5b9a3ab7,0.5691056910569106,0.660377358490566
31cdf5fe-9d6bb57b9a219a61,1c90c367-8bf45a17560c1c20,0.5691056910569106,0.625
9310ad0c-01a38beff8ee3178,3ff25f43-cd9b7655fd701067,0.5673758865248227,0.6779661016949152
ad2a1ae2-59a3464b36e05b2e,c287ea9d-e63ca730a2a19bd9,0.5637583892617449,0.7924528301886793
80cc284c-8384e0009a314185,23194f89-647be20f665e0d73,0.5636363636363636,0.5849056603773585
1c90c367-8bf45a17560c1c20,a195911e-42f7a8829746f3b7,0.5633802816901409,0.5970149253731343
1c90c367-8bf45a17560c1c20,a195911e-4ebe2be40f074a21,0.5633802816901409,0.5970149253731343
624529e3-40428446629a5943,c287ea9d-e63ca730a2a19bd9,0.56,0.7777777777777778
3ff25f43-cd9b7655fd701067,a7d1ce58-d11949ddfe1b14a5,0.56,0.5975609756097561
22dff786-17037264c8318371,2e404969-800b10ae37e3d7ce,0.5565217391304348,0.6530612244897959
22dff786-17037264c8318371,d76e3b9d-4ded814e5b9a3ab7,0.5546218487394958,0.673469387755102
2e404969-800b10ae37e3d7ce,a195911e-42f7a8829746f3b7,0.5531914893617021,0.5909090909090909
2e404969-800b10ae37e3d7ce,a195911e-4ebe2be40f074a21,0.5531914893617021,0.5909090909090909
ad2a1ae2-59a3464b36e05b2e,d76e3b9d-4ded814e5b9a3ab7,0.5528455284552846,0.6415094339622641
23194f89-647be20f665e0d73,9310ad0c-01a38beff8ee3178,0.5517241379310345,0.5614035087719298
22dff786-17037264c8318371,a7d1ce58-d11949ddfe1b14a5,0.5492957746478874,0.7959183673469388
ad2a1ae2-59a3464b36e05b2e,3ff25f43-cd9b7655fd701067,0.5481481481481482,0.6981132075471698
80cc284c-8384e0009a314185,a7d1ce58-d11949ddfe1b14a5,0.547945205479452,0.7547169811320755
23194f89-647be20f665e0d73,e52863b8-2e5bbc2cec3cf3b1,0.5454545454545454,0.5789473684210527
22dff786-17037264c8318371,8703709f-021cb82b82f73d63,0.5454545454545454,0.6122448979591837
624529e3-40428446629a5943,a7d1ce58-d11949ddfe1b14a5,0.54421768707483,0.7407407407407407
80cc284c-8384e0009a314185,8703709f-021cb82b82f73d63,0.543859649122807,0.5849056603773585
f36138e7-577dba86944edbdf,b76bce8a-89488903af269f23,0.5396825396825397,0.5862068965517241
9310ad0c-01a38beff8ee3178,1c90c367-8bf45a17560c1c20,0.5396825396825397,0.576271186440678
80cc284c-8384e0009a314185,72d4d693-5113b88459bc233b,0.5391304347826087,0.5849056603773585
624529e3-40428446629a5943,8703709f-021cb82b82f73d63,0.5391304347826087,0.5740740740740741
624529e3-40428446629a5943,7de69858-d96dc10546adeb54,0.5359477124183006,0.7592592592592593
2b8f032c-cfbafb1d555ffaa5,1c90c367-8bf45a17560c1c20,0.5357142857142857,0.6666666666666666
3ff25f43-cd9b7655fd701067,476e94d3-c0036197a4b16c2f,0.5333333333333333,0.5365853658536586
22dff786-17037264c8318371,d2901569-f41c7e83bedb2435,0.5321100917431193,0.5918367346938775
ee0bc145-17afde983fbbb4ba,476e94d3-c0036197a4b16c2f,0.5316455696202531,0.56
f36138e7-577dba86944edbdf,9310ad0c-01a38beff8ee3178,0.5299145299145299,0.5344827586206896
624529e3-40428446629a5943,3ff25f43-cd9b7655fd701067,0.5294117647058824,0.6666666666666666
ad2a1ae2-59a3464b36e05b2e,476e94d3-c0036197a4b16c2f,0.5294117647058824,0.6792452830188679
b76bce8a-89488903af269f23,597195ee-b4ba1269655144c9,0.524822695035461,0.5441176470588235
2e404969-800b10ae37e3d7ce,01b911ac-652b898a351deb7e,0.524822695035461,0.5606060606060606
22dff786-17037264c8318371,f36138e7-577dba86944edbdf,0.5233644859813084,0.5714285714285714
d76e3b9d-4ded814e5b9a3ab7,5f3a196a-ae2bf1c55cca8075,0.5222929936305732,0.5857142857142857
22dff786-17037264c8318371,3ff25f43-cd9b7655fd701067,0.5190839694656488,0.6938775510204082
a7d1ce58-d11949ddfe1b14a5,c287ea9d-e63ca730a2a19bd9,0.5185185185185185,0.5268817204301075
80cc284c-8384e0009a314185,1c90c367-8bf45a17560c1c20,0.5166666666666667,0.5849056603773585
5f3a196a-ae2bf1c55cca8075,22138fad-347252faab80dcb9,0.5164319248826291,0.632183908045977
80cc284c-8384e0009a314185,476e94d3-c0036197a4b16c2f,0.5147058823529411,0.660377358490566
23194f89-647be20f665e0d73,476e94d3-c0036197a4b16c2f,0.5142857142857142,0.631578947368421
ad2a1ae2-59a3464b36e05b2e,d2901569-f41c7e83bedb2435,0.5132743362831859,0.5471698113207547
d76e3b9d-4ded814e5b9a3ab7,3ff25f43-cd9b7655fd701067,0.5131578947368421,0.5571428571428572
bc46480a-da22e65ddf919ce2,54d7c21e-581e372a956c751e,0.5128205128205128,0.5633802816901409
624529e3-40428446629a5943,1c90c367-8bf45a17560c1c20,0.512396694214876,0.5740740740740741
b76bce8a-89488903af269f23,c287ea9d-e63ca730a2a19bd9,0.5121951219512195,0.6176470588235294
2e404969-800b10ae37e3d7ce,476e94d3-c0036197a4b16c2f,0.5100671140939598,0.5757575757575758
23194f89-647be20f665e0d73,c287ea9d-e63ca730a2a19bd9,0.5098039215686274,0.6842105263157895
d76e3b9d-4ded814e5b9a3ab7,476e94d3-c0036197a4b16c2f,0.5098039215686274,0.5571428571428572
597195ee-b4ba1269655144c9,c287ea9d-e63ca730a2a19bd9,0.5088757396449705,0.589041095890411
1c90c367-8bf45a17560c1c20,bc46480a-da22e65ddf919ce2,0.5072463768115942,0.5223880597014925
2e404969-800b10ae37e3d7ce,c287ea9d-e63ca730a2a19bd9,0.5061728395061729,0.6212121212121212
1c90c367-8bf45a17560c1c20,7de69858-d96dc10546adeb54,0.5060240963855421,0.6268656716417911
2b8f032c-cfbafb1d555ffaa5,f36138e7-577dba86944edbdf,0.5048543689320388,0.5777777777777777
9310ad0c-01a38beff8ee3178,b76bce8a-89488903af269f23,0.5039370078740157,0.5423728813559322
80cc284c-8384e0009a314185,3ff25f43-cd9b7655fd701067,0.5037037037037037,0.6415094339622641
b76bce8a-89488903af269f23,ee0bc145-17afde983fbbb4ba,0.5034965034965035,0.5294117647058824
b76bce8a-89488903af269f23,1eda0725-f3c230627c25f132,0.5029940119760479,0.6176470588235294
23194f89-647be20f665e0d73,1c90c367-8bf45a17560c1c20,0.5,0.543859649122807
ad2a1ae2-59a3464b36e05b2e,7de69858-d96dc10546adeb54,0.5,0.7169811320754716
c287ea9d-e63ca730a2a19bd9,1480a727-184dd848302a1e53,0.49740932642487046,0.5
bc46480a-da22e65ddf919ce2,80881cae-ce82ca297a5085e4,0.4968152866242038,0.5492957746478874
d2901569-f41c7e83bedb2435,a7d1ce58-d11949ddfe1b14a5,0.49673202614379086,0.6333333333333333
80cc284c-8384e0009a314185,c287ea9d-e63ca730a2a19bd9,0.4966442953020134,0.6981132075471698
597195ee-b4ba1269655144c9,54d7c21e-581e372a956c751e,0.4936708860759494,0.5342465753424658
b76bce8a-89488903af269f23,3ff25f43-cd9b7655fd701067,0.49333333333333335,0.5441176470588235
ad2a1ae2-59a3464b36e05b2e,597195ee-b4ba1269655144c9,0.49206349206349204,0.5849056603773585
ee0bc145-17afde983fbbb4ba,c287ea9d-e63ca730a2a19bd9,0.49122807017543857,0.56
ad2a1ae2-59a3464b36e05b2e,bcc5473d-29fdca43508985c8,0.4883720930232558,0.7924528301886793
624529e3-40428446629a5943,597195ee-b4ba1269655144c9,0.4881889763779528,0.5740740740740741
31cdf5fe-9d6bb57b9a219a61,c287ea9d-e63ca730a2a19bd9,0.4868421052631579,0.6607142857142857
23194f89-647be20f665e0d73,ee0bc145-17afde983fbbb4ba,0.48484848484848486,0.5614035087719298
8703709f-021cb82b82f73d63,c287ea9d-e63ca730a2a19bd9,0.4840764331210191,0.6229508196721312
22dff786-17037264c8318371,c287ea9d-e63ca730a2a19bd9,0.4827586206896552,0.7142857142857143
d2901569-f41c7e83bedb2435,8703709f-021cb82b82f73d63,0.4793388429752066,0.48333333333333334
d2901569-f41c7e83bedb2435,3ff25f43-cd9b7655fd701067,0.4788732394366197,0.5666666666666667
9310ad0c-01a38beff8ee3178,476e94d3-c0036197a4b16c2f,0.4788732394366197,0.576271186440678
01b911ac-652b898a351deb7e,9555b9d1-28abfe28bda54c35,0.4777777777777778,0.5733333333333334
2e404969-800b10ae37e3d7ce,b76bce8a-89488903af269f23,0.47761194029850745,0.48484848484848486
597195ee-b4ba1269655144c9,3ff25f43-cd9b7655fd701067,0.4774193548387097,0.5068493150684932
d2901569-f41c7e83bedb2435,2e404969-800b10ae37e3d7ce,0.47619047619047616,0.5
f0801d53-af08eeabb98e2061,1c90c367-8bf45a17560c1c20,0.47540983606557374,0.5272727272727272
22dff786-17037264c8318371,597195ee-b4ba1269655144c9,0.47540983606557374,0.5918367346938775
f36138e7-577dba86944edbdf,d2901569-f41c7e83bedb2435,0.4745762711864407,0.4827586206896552
bc46480a-da22e65ddf919ce2,a7e7f371-3d5bd9e83dce6481,0.47435897435897434,0.5211267605633803
624529e3-40428446629a5943,bcc5473d-29fdca43508985c8,0.47398843930635837,0.7592592592592593
31cdf5fe-9d6bb57b9a219a61,a195911e-42f7a8829746f3b7,0.4732824427480916,0.5535714285714286
31cdf5fe-9d6bb57b9a219a61,a195911e-4ebe2be40f074a21,0.4732824427480916,0.5535714285714286
22dff786-17037264c8318371,7de69858-d96dc10546adeb54,0.47297297297297297,0.7142857142857143
ee0bc145-17afde983fbbb4ba,7de69858-d96dc10546adeb54,0.47126436781609193,0.5466666666666666
8703709f-021cb82b82f73d63,a195911e-42f7a8829746f3b7,0.47058823529411764,0.5245901639344263
8703709f-021cb82b82f73d63,a195911e-4ebe2be40f074a21,0.47058823529411764,0.5245901639344263
72d4d693-5113b88459bc233b,476e94d3-c0036197a4b16c2f,0.4689655172413793,0.5483870967741935
8703709f-021cb82b82f73d63,1c90c367-8bf45a17560c1c20,0.46875,0.4918032786885246
ad2a1ae2-59a3464b36e05b2e,ee0bc145-17afde983fbbb4ba,0.46875,0.5660377358490566
72d4d693-5113b88459bc233b,c287ea9d-e63ca730a2a19bd9,0.46835443037974683,0.5967741935483871
f36138e7-577dba86944edbdf,72d4d693-5113b88459bc233b,0.4666666666666667,0.4827586206896552
2e404969-800b10ae37e3d7ce,1c90c367-8bf45a17560c1c20,0.46616541353383456,0.4696969696969697
ad2a1ae2-59a3464b36e05b2e,a7d1ce58-d11949ddfe1b14a5,0.4657534246575342,0.6415094339622641
624529e3-40428446629a5943,ee0bc145-17afde983fbbb4ba,0.46511627906976744,0.5555555555555556
72d4d693-5113b88459bc233b,a7d1ce58-d11949ddfe1b14a5,0.4645161290322581,0.5806451612903226
f36138e7-577dba86944edbdf,1c90c367-8bf45a17560c1c20,0.464,0.5
9310ad0c-01a38beff8ee3178,2e404969-800b10ae37e3d7ce,0.464,0.4915254237288136
e52863b8-2e5bbc2cec3cf3b1,476e94d3-c0036197a4b16c2f,0.46258503401360546,0.53125
23194f89-647be20f665e0d73,597195ee-b4ba1269655144c9,0.46153846153846156,0.5263157894736842
80cc284c-8384e0009a314185,7de69858-d96dc10546adeb54,0.4605263157894737,0.660377358490566
80cc284c-8384e0009a314185,597195ee-b4ba1269655144c9,0.4603174603174603,0.5471698113207547
2b8f032c-cfbafb1d555ffaa5,b76bce8a-89488903af269f23,0.46017699115044247,0.5777777777777777
d76e3b9d-4ded814e5b9a3ab7,22138fad-347252faab80dcb9,0.45918367346938777,0.6428571428571429
72d4d693-5113b88459bc233b,3ff25f43-cd9b7655fd701067,0.4583333333333333,0.532258064516129
d76e3b9d-4ded814e5b9a3ab7,c287ea9d-e63ca730a2a19bd9,0.4578313253012048,0.5428571428571428
3412b353-3612df00de54512a,5f3a196a-ae2bf1c55cca8075,0.45751633986928103,0.5303030303030303
528a6162-3612df00de54512a,5f3a196a-ae2bf1c55cca8075,0.45751633986928103,0.5303030303030303
f36138e7-577dba86944edbdf,3ff25f43-cd9b7655fd701067,0.45714285714285713,0.5517241379310345
31cdf5fe-9d6bb57b9a219a61,bcc5473d-29fdca43508985c8,0.45714285714285713,0.7142857142857143
1c90c367-8bf45a17560c1c20,3ff25f43-cd9b7655fd701067,0.4563758389261745,0.5074626865671642
ad2a1ae2-59a3464b36e05b2e,8703709f-021cb82b82f73d63,0.45614035087719296,0.49056603773584906
597195ee-b4ba1269655144c9,a7e7f371-3d5bd9e83dce6481,0.45569620253164556,0.4931506849315068
80cc284c-8384e0009a314185,2e404969-800b10ae37e3d7ce,0.453781512605042,0.5094339622641509
597195ee-b4ba1269655144c9,7de69858-d96dc10546adeb54,0.45348837209302323,0.5342465753424658
1c90c367-8bf45a17560c1c20,476e94d3-c0036197a4b16c2f,0.4533333333333333,0.5074626865671642
d2901569-f41c7e83bedb2435,b76bce8a-89488903af269f23,0.453125,0.48333333333333334
2b8f032c-cfbafb1d555ffaa5,476e94d3-c0036197a4b16c2f,0.453125,0.6444444444444445
22dff786-17037264c8318371,3412b353-3612df00de54512a,0.45217391304347826,0.5306122448979592
22dff786-17037264c8318371,528a6162-3612df00de54512a,0.45217391304347826,0.5306122448979592
31cdf5fe-9d6bb57b9a219a61,b76bce8a-89488903af269f23,0.45161290322580644,0.5
ee0bc145-17afde983fbbb4ba,a7e7f371-3d5bd9e83dce6481,0.45,0.48
624529e3-40428446629a5943,2e404969-800b10ae37e3d7ce,0.45,0.5
72d4d693-5113b88459bc233b,1c90c367-8bf45a17560c1c20,0.4496124031007752,0.46774193548387094
31cdf5fe-9d6bb57b9a219a61,597195ee-b4ba1269655144c9,0.4496124031007752,0.5178571428571429
2b8f032c-cfbafb1d555ffaa5,80cc284c-8384e0009a314185,0.4489795918367347,0.4888888888888889
f0801d53-af08eeabb98e2061,a195911e-42f7a8829746f3b7,0.4461538461538462,0.5272727272727272
f0801d53-af08eeabb98e2061,a195911e-4ebe2be40f074a21,0.4461538461538462,0.5272727272727272
ee0bc145-17afde983fbbb4ba,3ff25f43-cd9b7655fd701067,0.445859872611465,0.4666666666666667
2b8f032c-cfbafb1d555ffaa5,624529e3-40428446629a5943,0.4444444444444444,0.4888888888888889
b76bce8a-89488903af269f23,7de69858-d96dc10546adeb54,0.4431137724550898,0.5441176470588235
80cc284c-8384e0009a314185,bcc5473d-29fdca43508985c8,0.4418604651162791,0.7169811320754716
c287ea9d-e63ca730a2a19bd9,1eda0725-f3c230627c25f132,0.441025641025641,0.4479166666666667
d2901569-f41c7e83bedb2435,1eda0725-f3c230627c25f132,0.44025157232704404,0.5833333333333334
9310ad0c-01a38beff8ee3178,c287ea9d-e63ca730a2a19bd9,0.43870967741935485,0.576271186440678
31cdf5fe-9d6bb57b9a219a61,7de69858-d96dc10546adeb54,0.43870967741935485,0.6071428571428571
ad2a1ae2-59a3464b36e05b2e,2e404969-800b10ae37e3d7ce,0.4369747899159664,0.49056603773584906
ee0bc145-17afde983fbbb4ba,1eda0725-f3c230627c25f132,0.4367816091954023,0.5066666666666667
23194f89-647be20f665e0d73,7de69858-d96dc10546adeb54,0.4358974358974359,0.5964912280701754
22dff786-17037264c8318371,a195911e-42f7a8829746f3b7,0.43548387096774194,0.5510204081632653
22dff786-17037264c8318371,a195911e-4ebe2be40f074a21,0.43548387096774194,0.5510204081632653
23194f89-647be20f665e0d73,f36138e7-577dba86944edbdf,0.43478260869565216,0.43859649122807015
b76bce8a-89488903af269f23,d76e3b9d-4ded814e5b9a3ab7,0.43478260869565216,0.4411764705882353
9310ad0c-01a38beff8ee3178,a7d1ce58-d11949ddfe1b14a5,0.4342105263157895,0.559322033898305
9310ad0c-01a38beff8ee3178,ee0bc145-17afde983fbbb4ba,0.43283582089552236,0.4915254237288136
31cdf5fe-9d6bb57b9a219a61,476e94d3-c0036197a4b16c2f,0.4316546762589928,0.5357142857142857
72d4d693-5113b88459bc233b,bcc5473d-29fdca43508985c8,0.430939226519337,0.6290322580645161
f0801d53-af08eeabb98e2061,ee0bc145-17afde983fbbb4ba,0.4307692307692308,0.509090909090909
8703709f-021cb82b82f73d63,476e94d3-c0036197a4b16c2f,0.4305555555555556,0.5081967213114754
9310ad0c-01a38beff8ee3178,1eda0725-f3c230627c25f132,0.43037974683544306,0.576271186440678
597195ee-b4ba1269655144c9,1eda0725-f3c230627c25f132,0.43023255813953487,0.5068493150684932
1c90c367-8bf45a17560c1c20,bcc5473d-29fdca43508985c8,0.43010752688172044,0.5970149253731343
f36138e7-577dba86944edbdf,c287ea9d-e63ca730a2a19bd9,0.42857142857142855,0.5689655172413793
476e94d3-c0036197a4b16c2f,1eda0725-f3c230627c25f132,0.42857142857142855,0.46987951807228917
ee0bc145-17afde983fbbb4ba,ad4c7a20-dbfadfa98471a429,0.42696629213483145,0.5066666666666667
23194f89-647be20f665e0d73,a7d1ce58-d11949ddfe1b14a5,0.4266666666666667,0.5614035087719298
d76e3b9d-4ded814e5b9a3ab7,7de69858-d96dc10546adeb54,0.4260355029585799,0.5142857142857142
ee0bc145-17afde983fbbb4ba,54d7c21e-581e372a956c751e,0.425,0.4533333333333333
23194f89-647be20f665e0d73,a195911e-42f7a8829746f3b7,0.42424242424242425,0.49122807017543857
23194f89-647be20f665e0d73,a195911e-4ebe2be40f074a21,0.42424242424242425,0.49122807017543857
d2901569-f41c7e83bedb2435,c287ea9d-e63ca730a2a19bd9,0.4230769230769231,0.55
ee0bc145-17afde983fbbb4ba,80881cae-ce82ca297a5085e4,0.422360248447205,0.4533333333333333
0889dcfb-5f958abf0e6b6ecd,22138fad-347252faab80dcb9,0.4206008583690987,0.45794392523364486
d2901569-f41c7e83bedb2435,476e94d3-c0036197a4b16c2f,0.4195804195804196,0.5
a195911e-42f7a8829746f3b7,1480a727-184dd848302a1e53,0.4186046511627907,0.48
a195911e-4ebe2be40f074a21,1480a727-184dd848302a1e53,0.4186046511627907,0.48
bc46480a-da22e65ddf919ce2,3ff25f43-cd9b7655fd701067,0.41830065359477125,0.4507042253521127
8703709f-021cb82b82f73d63,1480a727-184dd848302a1e53,0.4177215189873418,0.5409836065573771
476e94d3-c0036197a4b16c2f,7de69858-d96dc10546adeb54,0.4175824175824176,0.4578313253012048
23194f89-647be20f665e0d73,3ff25f43-cd9b7655fd701067,0.4172661870503597,0.5087719298245614
3412b353-3612df00de54512a,597195ee-b4ba1269655144c9,0.4172661870503597,0.4393939393939394
528a6162-3612df00de54512a,597195ee-b4ba1269655144c9,0.4172661870503597,0.4393939393939394
2e404969-800b10ae37e3d7ce,1480a727-184dd848302a1e53,0.4171779141104294,0.5151515151515151
1c90c367-8bf45a17560c1c20,c287ea9d-e63ca730a2a19bd9,0.4171779141104294,0.5074626865671642
31cdf5fe-9d6bb57b9a219a61,0889dcfb-5f958abf0e6b6ecd,0.4171779141104294,0.6071428571428571
31cdf5fe-9d6bb57b9a219a61,a7d1ce58-d11949ddfe1b14a5,0.4161073825503356,0.5535714285714286
2b8f032c-cfbafb1d555ffaa5,31cdf5fe-9d6bb57b9a219a61,0.4158415841584158,0.4666666666666667
597195ee-b4ba1269655144c9,80881cae-ce82ca297a5085e4,0.41509433962264153,0.4520547945205479
72d4d693-5113b88459bc233b,597195ee-b4ba1269655144c9,0.4148148148148148,0.45161290322580644
1c90c367-8bf45a17560c1c20,597195ee-b4ba1269655144c9,0.4142857142857143,0.43283582089552236
1c90c367-8bf45a17560c1c20,0889dcfb-5f958abf0e6b6ecd,0.41379310344827586,0.5373134328358209
31cdf5fe-9d6bb57b9a219a61,d76e3b9d-4ded814e5b9a3ab7,0.4126984126984127,0.4642857142857143
31cdf5fe-9d6bb57b9a219a61,01b911ac-652b898a351deb7e,0.4122137404580153,0.48214285714285715
b76bce8a-89488903af269f23,1480a727-184dd848302a1e53,0.4121212121212121,0.5
8703709f-021cb82b82f73d63,01b911ac-652b898a351deb7e,0.4117647058823529,0.45901639344262296
2b8f032c-cfbafb1d555ffaa5,c287ea9d-e63ca730a2a19bd9,0.41134751773049644,0.6444444444444445
d2901569-f41c7e83bedb2435,1c90c367-8bf45a17560c1c20,0.4094488188976378,0.43333333333333335
9310ad0c-01a38beff8ee3178,597195ee-b4ba1269655144c9,0.4090909090909091,0.4576271186440678
3ff25f43-cd9b7655fd701067,7de69858-d96dc10546adeb54,0.4088397790055249,0.45121951219512196
72d4d693-5113b88459bc233b,ee0bc145-17afde983fbbb4ba,0.40875912408759124,0.45161290322580644
1c90c367-8bf45a17560c1c20,ee0bc145-17afde983fbbb4ba,0.4084507042253521,0.43283582089552236
ee0bc145-17afde983fbbb4ba,5f3a196a-ae2bf1c55cca8075,0.4074074074074074,0.44
31cdf5fe-9d6bb57b9a219a61,72d4d693-5113b88459bc233b,0.4067796610169492,0.42857142857142855
72d4d693-5113b88459bc233b,2e404969-800b10ae37e3d7ce,0.40625,0.41935483870967744
f0801d53-af08eeabb98e2061,597195ee-b4ba1269655144c9,0.40625,0.4727272727272727
ad2a1ae2-59a3464b36e05b2e,01b911ac-652b898a351deb7e,0.40625,0.49056603773584906
8703709f-021cb82b82f73d63,3ff25f43-cd9b7655fd701067,0.40559440559440557,0.47540983606557374
22dff786-17037264c8318371,1eda0725-f3c230627c25f132,0.40540540540540543,0.6122448979591837
22dff786-17037264c8318371,bcc5473d-29fdca43508985c8,0.40476190476190477,0.6938775510204082
22dff786-17037264c8318371,ee0bc145-17afde983fbbb4ba,0.4032258064516129,0.5102040816326531
e52863b8-2e5bbc2cec3cf3b1,ee0bc145-17afde983fbbb4ba,0.4028776978417266,0.4375
bc46480a-da22e65ddf919ce2,597195ee-b4ba1269655144c9,0.4027777777777778,0.4084507042253521
8703709f-021cb82b82f73d63,a7d1ce58-d11949ddfe1b14a5,0.4025974025974026,0.5081967213114754
72d4d693-5113b88459bc233b,1480a727-184dd848302a1e53,0.4025157232704403,0.5161290322580645
bc46480a-da22e65ddf919ce2,7de69858-d96dc10546adeb54,0.4,0.4788732394366197
e52863b8-2e5bbc2cec3cf3b1,bc46480a-da22e65ddf919ce2,0.4,0.421875
2b8f032c-cfbafb1d555ffaa5,d2901569-f41c7e83bedb2435,0.4,0.4666666666666667
f0801d53-af08eeabb98e2061,a7e7f371-3d5bd9e83dce6481,0.4,0.509090909090909
9310ad0c-01a38beff8ee3178,80881cae-ce82ca297a5085e4,0.4,0.4915254237288136
f36138e7-577dba86944edbdf,a7d1ce58-d11949ddfe1b14a5,0.3973509933774834,0.5172413793103449
d2901569-f41c7e83bedb2435,80881cae-ce82ca297a5085e4,0.3972602739726027,0.48333333333333334
01b911ac-652b898a351deb7e,3ff25f43-cd9b7655fd701067,0.39490445859872614,0.41333333333333333
ad2a1ae2-59a3464b36e05b2e,1eda0725-f3c230627c25f132,0.39473684210526316,0.5660377358490566
23194f89-647be20f665e0d73,01b911ac-652b898a351deb7e,0.3939393939393939,0.45614035087719296
72d4d693-5113b88459bc233b,d76e3b9d-4ded814e5b9a3ab7,0.3939393939393939,0.41935483870967744
d2901569-f41c7e83bedb2435,72d4d693-5113b88459bc233b,0.39344262295081966,0.4
31cdf5fe-9d6bb57b9a219a61,2e404969-800b10ae37e3d7ce,0.39344262295081966,0.42857142857142855
31cdf5fe-9d6bb57b9a219a61,8703709f-021cb82b82f73d63,0.39316239316239315,0.4107142857142857
624529e3-40428446629a5943,1eda0725-f3c230627c25f132,0.39215686274509803,0.5555555555555556
2e404969-800b10ae37e3d7ce,3ff25f43-cd9b7655fd701067,0.3918918918918919,0.4393939393939394
d76e3b9d-4ded814e5b9a3ab7,597195ee-b4ba1269655144c9,0.3916083916083916,0.4
f36138e7-577dba86944edbdf,a195911e-42f7a8829746f3b7,0.39097744360902253,0.4482758620689655
f36138e7-577dba86944edbdf,a195911e-4ebe2be40f074a21,0.39097744360902253,0.4482758620689655
80cc284c-8384e0009a314185,ee0bc145-17afde983fbbb4ba,0.390625,0.4716981132075472
8703709f-021cb82b82f73d63,72d4d693-5113b88459bc233b,0.3902439024390244,0.39344262295081966
2e404969-800b10ae37e3d7ce,a7d1ce58-d11949ddfe1b14a5,0.389937106918239,0.4696969696969697
23194f89-647be20f665e0d73,1480a727-184dd848302a1e53,0.38961038961038963,0.5263157894736842
22dff786-17037264c8318371,e52863b8-2e5bbc2cec3cf3b1,0.3893805309734513,0.4489795918367347
e52863b8-2e5bbc2cec3cf3b1,54d7c21e-581e372a956c751e,0.38926174496644295,0.453125
9310ad0c-01a38beff8ee3178,a7e7f371-3d5bd9e83dce6481,0.3888888888888889,0.4745762711864407
9310ad0c-01a38beff8ee3178,54d7c21e-581e372a956c751e,0.3888888888888889,0.4745762711864407
8703709f-021cb82b82f73d63,b76bce8a-89488903af269f23,0.3875968992248062,0.4098360655737705
1c90c367-8bf45a17560c1c20,a7d1ce58-d11949ddfe1b14a5,0.3875,0.4626865671641791
ad2a1ae2-59a3464b36e05b2e,bc46480a-da22e65ddf919ce2,0.3870967741935484,0.4528301886792453
80cc284c-8384e0009a314185,1480a727-184dd848302a1e53,0.38666666666666666,0.5471698113207547
e52863b8-2e5bbc2cec3cf3b1,80881cae-ce82ca297a5085e4,0.38666666666666666,0.453125
d2901569-f41c7e83bedb2435,a7e7f371-3d5bd9e83dce6481,0.38620689655172413,0.4666666666666667
d2901569-f41c7e83bedb2435,54d7c21e-581e372a956c751e,0.38620689655172413,0.4666666666666667
8703709f-021cb82b82f73d63,9555b9d1-28abfe28bda54c35,0.3855421686746988,0.5245901639344263
624529e3-40428446629a5943,1480a727-184dd848302a1e53,0.3841059602649007,0.5370370370370371
23194f89-647be20f665e0d73,b76bce8a-89488903af269f23,0.384,0.42105263157894735
22dff786-17037264c8318371,1480a727-184dd848302a1e53,0.3835616438356164,0.5714285714285714
9310ad0c-01a38beff8ee3178,8703709f-021cb82b82f73d63,0.38333333333333336,0.3898305084745763
2e404969-800b10ae37e3d7ce,d76e3b9d-4ded814e5b9a3ab7,0.38235294117647056,0.3939393939393939
f36138e7-577dba86944edbdf,7de69858-d96dc10546adeb54,0.3821656050955414,0.5172413793103449
e52863b8-2e5bbc2cec3cf3b1,1c90c367-8bf45a17560c1c20,0.3816793893129771,0.390625
31cdf5fe-9d6bb57b9a219a61,ee0bc145-17afde983fbbb4ba,0.3816793893129771,0.44642857142857145
a7e7f371-3d5bd9e83dce6481,1eda0725-f3c230627c25f132,0.3804347826086957,0.4117647058823529
54d7c21e-581e372a956c751e,1eda0725-f3c230627c25f132,0.3804347826086957,0.4117647058823529
a7d1ce58-d11949ddfe1b14a5,0889dcfb-5f958abf0e6b6ecd,0.38,0.40860215053763443
31cdf5fe-9d6bb57b9a219a61,bc46480a-da22e65ddf919ce2,0.3779527559055118,0.42857142857142855
b76bce8a-89488903af269f23,0889dcfb-5f958abf0e6b6ecd,0.37714285714285717,0.4852941176470588
23194f89-647be20f665e0d73,d2901569-f41c7e83bedb2435,0.37606837606837606,0.38596491228070173
bc46480a-da22e65ddf919ce2,9555b9d1-28abfe28bda54c35,0.375,0.4647887323943662
f36138e7-577dba86944edbdf,d76e3b9d-4ded814e5b9a3ab7,0.375,0.41379310344827586
2e404969-800b10ae37e3d7ce,9555b9d1-28abfe28bda54c35,0.3742690058479532,0.48484848484848486
2b8f032c-cfbafb1d555ffaa5,72d4d693-5113b88459bc233b,0.37383177570093457,0.4444444444444444
ee0bc145-17afde983fbbb4ba,0889dcfb-5f958abf0e6b6ecd,0.37362637362637363,0.4533333333333333
624529e3-40428446629a5943,01b911ac-652b898a351deb7e,0.37209302325581395,0.4444444444444444
f0801d53-af08eeabb98e2061,54d7c21e-581e372a956c751e,0.37142857142857144,0.4727272727272727
d2901569-f41c7e83bedb2435,0889dcfb-5f958abf0e6b6ecd,0.3712574850299401,0.5166666666666667
b76bce8a-89488903af269f23,22138fad-347252faab80dcb9,0.3711340206185567,0.5294117647058824
f36138e7-577dba86944edbdf,2e404969-800b10ae37e3d7ce,0.3709677419354839,0.39655172413793105
d2901569-f41c7e83bedb2435,ee0bc145-17afde983fbbb4ba,0.37037037037037035,0.4166666666666667
f36138e7-577dba86944edbdf,8703709f-021cb82b82f73d63,0.3697478991596639,0.3793103448275862
f0801d53-af08eeabb98e2061,e52863b8-2e5bbc2cec3cf3b1,0.3697478991596639,0.4
c287ea9d-e63ca730a2a19bd9,7de69858-d96dc10546adeb54,0.36923076923076925,0.375
1eda0725-f3c230627c25f132,0889dcfb-5f958abf0e6b6ecd,0.36893203883495146,0.3838383838383838
2e404969-800b10ae37e3d7ce,ee0bc145-17afde983fbbb4ba,0.36879432624113473,0.3939393939393939
f0801d53-af08eeabb98e2061,80881cae-ce82ca297a5085e4,0.36879432624113473,0.4727272727272727
1c90c367-8bf45a17560c1c20,a7e7f371-3d5bd9e83dce6481,0.3684210526315789,0.417910447761194
1c90c367-8bf45a17560c1c20,54d7c21e-581e372a956c751e,0.3684210526315789,0.417910447761194
80881cae-ce82ca297a5085e4,1eda0725-f3c230627c25f132,0.3675675675675676,0.3953488372093023
476e94d3-c0036197a4b16c2f,1480a727-184dd848302a1e53,0.36666666666666664,0.39759036144578314
a195911e-42f7a8829746f3b7,9555b9d1-28abfe28bda54c35,0.36666666666666664,0.44
a195911e-4ebe2be40f074a21,9555b9d1-28abfe28bda54c35,0.36666666666666664,0.44
597195ee-b4ba1269655144c9,0889dcfb-5f958abf0e6b6ecd,0.36666666666666664,0.4520547945205479
1c90c367-8bf45a17560c1c20,80881cae-ce82ca297a5085e4,0.3660130718954248,0.417910447761194
f0801d53-af08eeabb98e2061,bc46480a-da22e65ddf919ce2,0.36507936507936506,0.41818181818181815
597195ee-b4ba1269655144c9,01b911ac-652b898a351deb7e,0.36486486486486486,0.3698630136986301
d2901569-f41c7e83bedb2435,7de69858-d96dc10546adeb54,0.36477987421383645,0.48333333333333334
23194f89-647be20f665e0d73,bcc5473d-29fdca43508985c8,0.36363636363636365,0.5614035087719298
80cc284c-8384e0009a314185,0889dcfb-5f958abf0e6b6ecd,0.3625,0.5471698113207547
597195ee-b4ba1269655144c9,22138fad-347252faab80dcb9,0.36180904522613067,0.4931506849315068
d2901569-f41c7e83bedb2435,597195ee-b4ba1269655144c9,0.3609022556390977,0.4
624529e3-40428446629a5943,0889dcfb-5f958abf0e6b6ecd,0.36024844720496896,0.5370370370370371
2b8f032c-cfbafb1d555ffaa5,f0801d53-af08eeabb98e2061,0.36,0.4
b76bce8a-89488903af269f23,bc46480a-da22e65ddf919ce2,0.3597122302158273,0.36764705882352944
7de69858-d96dc10546adeb54,0889dcfb-5f958abf0e6b6ecd,0.3592233009708738,0.37373737373737376
ee0bc145-17afde983fbbb4ba,f8e7b886-26eb7834fc813d58,0.35874439461883406,0.5333333333333333
3ff25f43-cd9b7655fd701067,bcc5473d-29fdca43508985c8,0.3582089552238806,0.43902439024390244
3ff25f43-cd9b7655fd701067,1480a727-184dd848302a1e53,0.3575418994413408,0.3902439024390244
9310ad0c-01a38beff8ee3178,d76e3b9d-4ded814e5b9a3ab7,0.35658914728682173,0.3898305084745763
e52863b8-2e5bbc2cec3cf3b1,3ff25f43-cd9b7655fd701067,0.3561643835616438,0.40625
22dff786-17037264c8318371,01b911ac-652b898a351deb7e,0.3548387096774194,0.4489795918367347
c287ea9d-e63ca730a2a19bd9,0889dcfb-5f958abf0e6b6ecd,0.35467980295566504,0.375
f36138e7-577dba86944edbdf,476e94d3-c0036197a4b16c2f,0.3546099290780142,0.43103448275862066
2b8f032c-cfbafb1d555ffaa5,23194f89-647be20f665e0d73,0.35294117647058826,0.4
3ff25f43-cd9b7655fd701067,9555b9d1-28abfe28bda54c35,0.35294117647058826,0.4024390243902439
b76bce8a-89488903af269f23,bcc5473d-29fdca43508985c8,0.35294117647058826,0.4852941176470588
1c90c367-8bf45a17560c1c20,ad4c7a20-dbfadfa98471a429,0.35294117647058826,0.44776119402985076
597195ee-b4ba1269655144c9,ad4c7a20-dbfadfa98471a429,0.3522727272727273,0.4246575342465753
476e94d3-c0036197a4b16c2f,a7d1ce58-d11949ddfe1b14a5,0.3522727272727273,0.37349397590361444
1c90c367-8bf45a17560c1c20,01b911ac-652b898a351deb7e,0.352112676056338,0.373134328358209
2e404969-800b10ae37e3d7ce,1eda0725-f3c230627c25f132,0.3515151515151515,0.4393939393939394
e52863b8-2e5bbc2cec3cf3b1,597195ee-b4ba1269655144c9,0.35036496350364965,0.375
1c90c367-8bf45a17560c1c20,1eda0725-f3c230627c25f132,0.3493975903614458,0.43283582089552236
ee0bc145-17afde983fbbb4ba,1480a727-184dd848302a1e53,0.3488372093023256,0.4
72d4d693-5113b88459bc233b,1eda0725-f3c230627c25f132,0.34782608695652173,0.45161290322580644
72d4d693-5113b88459bc233b,7de69858-d96dc10546adeb54,0.34782608695652173,0.45161290322580644
2b8f032c-cfbafb1d555ffaa5,1eda0725-f3c230627c25f132,0.3472222222222222,0.5555555555555556
23194f89-647be20f665e0d73,1eda0725-f3c230627c25f132,0.34615384615384615,0.47368421052631576
ee0bc145-17afde983fbbb4ba,a7d1ce58-d11949ddfe1b14a5,0.34523809523809523,0.38666666666666666
01b911ac-652b898a351deb7e,7de69858-d96dc10546adeb54,0.3448275862068966,0.4
d2901569-f41c7e83bedb2435,1480a727-184dd848302a1e53,0.34394904458598724,0.45
80cc284c-8384e0009a314185,a195911e-42f7a8829746f3b7,0.34375,0.41509433962264153
80cc284c-8384e0009a314185,a195911e-4ebe2be40f074a21,0.34375,0.41509433962264153
80cc284c-8384e0009a314185,01b911ac-652b898a351deb7e,0.34375,0.41509433962264153
ad2a1ae2-59a3464b36e05b2e,a195911e-42f7a8829746f3b7,0.34375,0.41509433962264153
ad2a1ae2-59a3464b36e05b2e,a195911e-4ebe2be40f074a21,0.34375,0.41509433962264153
72d4d693-5113b88459bc233b,3412b353-3612df00de54512a,0.34375,0.3548387096774194
72d4d693-5113b88459bc233b,528a6162-3612df00de54512a,0.34375,0.3548387096774194
e52863b8-2e5bbc2cec3cf3b1,1eda0725-f3c230627c25f132,0.34355828220858897,0.4375
9310ad0c-01a38beff8ee3178,01b911ac-652b898a351deb7e,0.34328358208955223,0.3898305084745763
22dff786-17037264c8318371,a7e7f371-3d5bd9e83dce6481,0.34328358208955223,0.46938775510204084
e52863b8-2e5bbc2cec3cf3b1,d76e3b9d-4ded814e5b9a3ab7,0.34328358208955223,0.359375
22dff786-17037264c8318371,54d7c21e-581e372a956c751e,0.34328358208955223,0.46938775510204084
ad4c7a20-dbfadfa98471a429,f8e7b886-26eb7834fc813d58,0.3426294820717131,0.4174757281553398
ad2a1ae2-59a3464b36e05b2e,e52863b8-2e5bbc2cec3cf3b1,0.3418803418803419,0.37735849056603776
9310ad0c-01a38beff8ee3178,7de69858-d96dc10546adeb54,0.34177215189873417,0.4576271186440678
1c90c367-8bf45a17560c1c20,1480a727-184dd848302a1e53,0.34146341463414637,0.417910447761194
624529e3-40428446629a5943,a195911e-42f7a8829746f3b7,0.34108527131782945,0.4074074074074074
624529e3-40428446629a5943,a195911e-4ebe2be40f074a21,0.34108527131782945,0.4074074074074074
22dff786-17037264c8318371,80881cae-ce82ca297a5085e4,0.34074074074074073,0.46938775510204084
01b911ac-652b898a351deb7e,bcc5473d-29fdca43508985c8,0.3402061855670103,0.44
23194f89-647be20f665e0d73,8703709f-021cb82b82f73d63,0.3389830508474576,0.3508771929824561
3412b353-3612df00de54512a,d76e3b9d-4ded814e5b9a3ab7,0.3382352941176471,0.3484848484848485
528a6162-3612df00de54512a,d76e3b9d-4ded814e5b9a3ab7,0.3382352941176471,0.3484848484848485
e52863b8-2e5bbc2cec3cf3b1,c287ea9d-e63ca730a2a19bd9,0.3375,0.421875
8703709f-021cb82b82f73d63,1eda0725-f3c230627c25f132,0.3375,0.4426229508196721
476e94d3-c0036197a4b16c2f,bcc5473d-29fdca43508985c8,0.33663366336633666,0.40963855421686746
8703709f-021cb82b82f73d63,d76e3b9d-4ded814e5b9a3ab7,0.33587786259541985,0.36065573770491804
72d4d693-5113b88459bc233b,a195911e-42f7a8829746f3b7,0.3357664233576642,0.3709677419354839
72d4d693-5113b88459bc233b,a195911e-4ebe2be40f074a21,0.3357664233576642,0.3709677419354839
b76bce8a-89488903af269f23,a7d1ce58-d11949ddfe1b14a5,0.33540372670807456,0.39705882352941174
c287ea9d-e63ca730a2a19bd9,bcc5473d-29fdca43508985c8,0.33488372093023255,0.375
80cc284c-8384e0009a314185,a7e7f371-3d5bd9e83dce6481,0.3333333333333333,0.4339622641509434
80cc284c-8384e0009a314185,54d7c21e-581e372a956c751e,0.3333333333333333,0.4339622641509434
9310ad0c-01a38beff8ee3178,1480a727-184dd848302a1e53,0.3333333333333333,0.4406779661016949
476e94d3-c0036197a4b16c2f,a7e7f371-3d5bd9e83dce6481,0.3333333333333333,0.3373493975903614
ad2a1ae2-59a3464b36e05b2e,a7e7f371-3d5bd9e83dce6481,0.3333333333333333,0.4339622641509434
3ff25f43-cd9b7655fd701067,80881cae-ce82ca297a5085e4,0.3333333333333333,0.34146341463414637
476e94d3-c0036197a4b16c2f,54d7c21e-581e372a956c751e,0.3333333333333333,0.3373493975903614
ad2a1ae2-59a3464b36e05b2e,54d7c21e-581e372a956c751e,0.3333333333333333,0.4339622641509434
1c90c367-8bf45a17560c1c20,22138fad-347252faab80dcb9,0.3316062176165803,0.47761194029850745
3ff25f43-cd9b7655fd701067,1eda0725-f3c230627c25f132,0.3314917127071823,0.36585365853658536
80cc284c-8384e0009a314185,80881cae-ce82ca297a5085e4,0.33093525179856115,0.4339622641509434
624529e3-40428446629a5943,a7e7f371-3d5bd9e83dce6481,0.33093525179856115,0.42592592592592593
624529e3-40428446629a5943,54d7c21e-581e372a956c751e,0.33093525179856115,0.42592592592592593
ad2a1ae2-59a3464b36e05b2e,80881cae-ce82ca297a5085e4,0.33093525179856115,0.4339622641509434
1480a727-184dd848302a1e53,ad4c7a20-dbfadfa98471a429,0.33,0.3402061855670103
80cc284c-8384e0009a314185,1eda0725-f3c230627c25f132,0.32894736842105265,0.4716981132075472
2b8f032c-cfbafb1d555ffaa5,0889dcfb-5f958abf0e6b6ecd,0.32894736842105265,0.5555555555555556
bc46480a-da22e65ddf919ce2,ee0bc145-17afde983fbbb4ba,0.3287671232876712,0.3380281690140845
624529e3-40428446629a5943,80881cae-ce82ca297a5085e4,0.32857142857142857,0.42592592592592593
9310ad0c-01a38beff8ee3178,a195911e-42f7a8829746f3b7,0.3283582089552239,0.3728813559322034
9310ad0c-01a38beff8ee3178,a195911e-4ebe2be40f074a21,0.3283582089552239,0.3728813559322034
7de69858-d96dc10546adeb54,ad4c7a20-dbfadfa98471a429,0.32673267326732675,0.3333333333333333
2b8f032c-cfbafb1d555ffaa5,ad2a1ae2-59a3464b36e05b2e,0.32653061224489793,0.35555555555555557
31cdf5fe-9d6bb57b9a219a61,a7e7f371-3d5bd9e83dce6481,0.3262411347517731,0.4107142857142857
31cdf5fe-9d6bb57b9a219a61,54d7c21e-581e372a956c751e,0.3262411347517731,0.4107142857142857
bc46480a-da22e65ddf919ce2,476e94d3-c0036197a4b16c2f,0.3246753246753247,0.352112676056338
31cdf5fe-9d6bb57b9a219a61,80881cae-ce82ca297a5085e4,0.323943661971831,0.4107142857142857
1480a727-184dd848302a1e53,0889dcfb-5f958abf0e6b6ecd,0.3235294117647059,0.3402061855670103
a7d1ce58-d11949ddfe1b14a5,7de69858-d96dc10546adeb54,0.3229166666666667,0.3333333333333333
a7e7f371-3d5bd9e83dce6481,0889dcfb-5f958abf0e6b6ecd,0.3229166666666667,0.36470588235294116
54d7c21e-581e372a956c751e,0889dcfb-5f958abf0e6b6ecd,0.3229166666666667,0.36470588235294116
31cdf5fe-9d6bb57b9a219a61,1eda0725-f3c230627c25f132,0.3225806451612903,0.44642857142857145
3412b353-3612df00de54512a,476e94d3-c0036197a4b16c2f,0.3221476510067114,0.36363636363636365
e52863b8-2e5bbc2cec3cf3b1,a7e7f371-3d5bd9e83dce6481,0.3221476510067114,0.375
528a6162-3612df00de54512a,476e94d3-c0036197a4b16c2f,0.3221476510067114,0.36363636363636365
bc46480a-da22e65ddf919ce2,ad4c7a20-dbfadfa98471a429,0.3218390804597701,0.39436619718309857
a195911e-42f7a8829746f3b7,a7d1ce58-d11949ddfe1b14a5,0.32142857142857145,0.36
a195911e-4ebe2be40f074a21,a7d1ce58-d11949ddfe1b14a5,0.32142857142857145,0.36
80881cae-ce82ca297a5085e4,0889dcfb-5f958abf0e6b6ecd,0.32124352331606215,0.36046511627906974
1c90c367-8bf45a17560c1c20,d76e3b9d-4ded814e5b9a3ab7,0.32116788321167883,0.3283582089552239
f0801d53-af08eeabb98e2061,0889dcfb-5f958abf0e6b6ecd,0.32098765432098764,0.4727272727272727
72d4d693-5113b88459bc233b,0889dcfb-5f958abf0e6b6ecd,0.31952662721893493,0.43548387096774194
d76e3b9d-4ded814e5b9a3ab7,1eda0725-f3c230627c25f132,0.31952662721893493,0.38571428571428573
a7e7f371-3d5bd9e83dce6481,1adac634-22d2c4d596bc41c0,0.31868131868131866,0.3411764705882353
597195ee-b4ba1269655144c9,1480a727-184dd848302a1e53,0.3176470588235294,0.3698630136986301
23194f89-647be20f665e0d73,0889dcfb-5f958abf0e6b6ecd,0.3170731707317073,0.45614035087719296
bc46480a-da22e65ddf919ce2,a7d1ce58-d11949ddfe1b14a5,0.3170731707317073,0.36619718309859156
22dff786-17037264c8318371,bc46480a-da22e65ddf919ce2,0.31666666666666665,0.3877551020408163
a195911e-42f7a8829746f3b7,c287ea9d-e63ca730a2a19bd9,0.3157894736842105,0.36
a195911e-4ebe2be40f074a21,c287ea9d-e63ca730a2a19bd9,0.3157894736842105,0.36
01b911ac-652b898a351deb7e,c287ea9d-e63ca730a2a19bd9,0.3157894736842105,0.36
a7e7f371-3d5bd9e83dce6481,7de69858-d96dc10546adeb54,0.31521739130434784,0.3411764705882353
54d7c21e-581e372a956c751e,7de69858-d96dc10546adeb54,0.31521739130434784,0.3411764705882353
2b8f032c-cfbafb1d555ffaa5,3ff25f43-cd9b7655fd701067,0.31496062992125984,0.4444444444444444
ad2a1ae2-59a3464b36e05b2e,f0801d53-af08eeabb98e2061,0.3148148148148148,0.32075471698113206
54d7c21e-581e372a956c751e,a7d1ce58-d11949ddfe1b14a5,0.3146067415730337,0.32941176470588235
7de69858-d96dc10546adeb54,9555b9d1-28abfe28bda54c35,0.3137254901960784,0.32323232323232326
597195ee-b4ba1269655144c9,a7d1ce58-d11949ddfe1b14a5,0.3132530120481928,0.3561643835616438
1eda0725-f3c230627c25f132,7de69858-d96dc10546adeb54,0.31313131313131315,0.31313131313131315
80881cae-ce82ca297a5085e4,a7d1ce58-d11949ddfe1b14a5,0.3128491620111732,0.32558139534883723
a7e7f371-3d5bd9e83dce6481,22138fad-347252faab80dcb9,0.3127962085308057,0.38823529411764707
54d7c21e-581e372a956c751e,22138fad-347252faab80dcb9,0.3127962085308057,0.38823529411764707
597195ee-b4ba1269655144c9,bcc5473d-29fdca43508985c8,0.3125,0.410958904109589
3412b353-3612df00de54512a,ee0bc145-17afde983fbbb4ba,0.3120567375886525,0.3333333333333333
528a6162-3612df00de54512a,ee0bc145-17afde983fbbb4ba,0.3120567375886525,0.3333333333333333
e52863b8-2e5bbc2cec3cf3b1,ad4c7a20-dbfadfa98471a429,0.31137724550898205,0.40625
1adac634-22d2c4d596bc41c0,ad4c7a20-dbfadfa98471a429,0.31,0.31958762886597936
2b8f032c-cfbafb1d555ffaa5,1480a727-184dd848302a1e53,0.30985915492957744,0.4888888888888889
d76e3b9d-4ded814e5b9a3ab7,a7e7f371-3d5bd9e83dce6481,0.3096774193548387,0.34285714285714286
d76e3b9d-4ded814e5b9a3ab7,54d7c21e-581e372a956c751e,0.3096774193548387,0.34285714285714286
01b911ac-652b898a351deb7e,a7d1ce58-d11949ddfe1b14a5,0.30952380952380953,0.3466666666666667
a7e7f371-3d5bd9e83dce6481,c287ea9d-e63ca730a2a19bd9,0.30939226519337015,0.32941176470588235
54d7c21e-581e372a956c751e,c287ea9d-e63ca730a2a19bd9,0.30939226519337015,0.32941176470588235
23194f89-647be20f665e0d73,3412b353-3612df00de54512a,0.3089430894308943,0.3333333333333333
23194f89-647be20f665e0d73,528a6162-3612df00de54512a,0.3089430894308943,0.3333333333333333
8703709f-021cb82b82f73d63,ee0bc145-17afde983fbbb4ba,0.3088235294117647,0.3442622950819672
d2901569-f41c7e83bedb2435,d76e3b9d-4ded814e5b9a3ab7,0.3076923076923077,0.3333333333333333
1eda0725-f3c230627c25f132,ad4c7a20-dbfadfa98471a429,0.3069306930693069,0.31313131313131315
3ff25f43-cd9b7655fd701067,0889dcfb-5f958abf0e6b6ecd,0.30687830687830686,0.35365853658536583
ad2a1ae2-59a3464b36e05b2e,1480a727-184dd848302a1e53,0.30666666666666664,0.4339622641509434
80cc284c-8384e0009a314185,bc46480a-da22e65ddf919ce2,0.3064516129032258,0.3584905660377358
f36138e7-577dba86944edbdf,597195ee-b4ba1269655144c9,0.3053435114503817,0.3448275862068966
624529e3-40428446629a5943,bc46480a-da22e65ddf919ce2,0.304,0.35185185185185186
9310ad0c-01a38beff8ee3178,3412b353-3612df00de54512a,0.304,0.3220338983050847
9310ad0c-01a38beff8ee3178,528a6162-3612df00de54512a,0.304,0.3220338983050847
d76e3b9d-4ded814e5b9a3ab7,ee0bc145-17afde983fbbb4ba,0.30344827586206896,0.3142857142857143
9310ad0c-01a38beff8ee3178,bcc5473d-29fdca43508985c8,0.30337078651685395,0.4576271186440678
2e404969-800b10ae37e3d7ce,3412b353-3612df00de54512a,0.30303030303030304,0.30303030303030304
2e404969-800b10ae37e3d7ce,528a6162-3612df00de54512a,0.30303030303030304,0.30303030303030304
80881cae-ce82ca297a5085e4,7de69858-d96dc10546adeb54,0.3027027027027027,0.32558139534883723
a195911e-42f7a8829746f3b7,1adac634-22d2c4d596bc41c0,0.3023255813953488,0.3466666666666667
a195911e-4ebe2be40f074a21,1adac634-22d2c4d596bc41c0,0.3023255813953488,0.3466666666666667
54d7c21e-581e372a956c751e,5f3a196a-ae2bf1c55cca8075,0.3023255813953488,0.3058823529411765
1adac634-22d2c4d596bc41c0,f8e7b886-26eb7834fc813d58,0.3020408163265306,0.38144329896907214
31cdf5fe-9d6bb57b9a219a61,ad4c7a20-dbfadfa98471a429,0.3018867924528302,0.42857142857142855
72d4d693-5113b88459bc233b,e52863b8-2e5bbc2cec3cf3b1,0.30158730158730157,0.3064516129032258
c287ea9d-e63ca730a2a19bd9,ad4c7a20-dbfadfa98471a429,0.3015075376884422,0.3125
f36138e7-577dba86944edbdf,01b911ac-652b898a351deb7e,0.3007518796992481,0.3448275862068966
f36138e7-577dba86944edbdf,ee0bc145-17afde983fbbb4ba,0.3007518796992481,0.3448275862068966
2b8f032c-cfbafb1d555ffaa5,ee0bc145-17afde983fbbb4ba,0.3,0.4
72d4d693-5113b88459bc233b,a7e7f371-3d5bd9e83dce6481,0.29931972789115646,0.3548387096774194
72d4d693-5113b88459bc233b,54d7c21e-581e372a956c751e,0.29931972789115646,0.3548387096774194
e52863b8-2e5bbc2cec3cf3b1,1480a727-184dd848302a1e53,0.2981366459627329,0.375
8703709f-021cb82b82f73d63,0889dcfb-5f958abf0e6b6ecd,0.2976190476190476,0.4098360655737705
72d4d693-5113b88459bc233b,80881cae-ce82ca297a5085e4,0.2972972972972973,0.3548387096774194
1480a727-184dd848302a1e53,9555b9d1-28abfe28bda54c35,0.297029702970297,0.30927835051546393
ad4c7a20-dbfadfa98471a429,22138fad-347252faab80dcb9,0.29694323144104806,0.3300970873786408
a7e7f371-3d5bd9e83dce6481,1480a727-184dd848302a1e53,0.2967032967032967,0.3176470588235294
d2901569-f41c7e83bedb2435,a195911e-42f7a8829746f3b7,0.2962962962962963,0.3333333333333333
d2901569-f41c7e83bedb2435,a195911e-4ebe2be40f074a21,0.2962962962962963,0.3333333333333333
d2901569-f41c7e83bedb2435,01b911ac-652b898a351deb7e,0.2962962962962963,0.3333333333333333
d76e3b9d-4ded814e5b9a3ab7,bcc5473d-29fdca43508985c8,0.2962962962962963,0.4
23194f89-647be20f665e0d73,a7e7f371-3d5bd9e83dce6481,0.29577464788732394,0.3684210526315789
23194f89-647be20f665e0d73,54d7c21e-581e372a956c751e,0.29577464788732394,0.3684210526315789
2b8f032c-cfbafb1d555ffaa5,d76e3b9d-4ded814e5b9a3ab7,0.2956521739130435,0.37777777777777777
22dff786-17037264c8318371,0889dcfb-5f958abf0e6b6ecd,0.2948717948717949,0.46938775510204084
476e94d3-c0036197a4b16c2f,0889dcfb-5f958abf0e6b6ecd,0.29473684210526313,0.3373493975903614
23194f89-647be20f665e0d73,80881cae-ce82ca297a5085e4,0.2937062937062937,0.3684210526315789
e52863b8-2e5bbc2cec3cf3b1,a7d1ce58-d11949ddfe1b14a5,0.2929936305732484,0.359375
9310ad0c-01a38beff8ee3178,e52863b8-2e5bbc2cec3cf3b1,0.2926829268292683,0.3050847457627119
a195911e-42f7a8829746f3b7,ad4c7a20-dbfadfa98471a429,0.29213483146067415,0.3466666666666667
a195911e-4ebe2be40f074a21,ad4c7a20-dbfadfa98471a429,0.29213483146067415,0.3466666666666667
23194f89-647be20f665e0d73,5f3a196a-ae2bf1c55cca8075,0.2916666666666667,0.3684210526315789
01b911ac-652b898a351deb7e,476e94d3-c0036197a4b16c2f,0.2911392405063291,0.30666666666666664
5f3a196a-ae2bf1c55cca8075,7de69858-d96dc10546adeb54,0.2903225806451613,0.3103448275862069
d2901569-f41c7e83bedb2435,bc46480a-da22e65ddf919ce2,0.2900763358778626,0.31666666666666665
2b8f032c-cfbafb1d555ffaa5,a7d1ce58-d11949ddfe1b14a5,0.2898550724637681,0.4444444444444444
ee0bc145-17afde983fbbb4ba,bcc5473d-29fdca43508985c8,0.28865979381443296,0.37333333333333335
2b8f032c-cfbafb1d555ffaa5,9310ad0c-01a38beff8ee3178,0.28846153846153844,0.3333333333333333
f0801d53-af08eeabb98e2061,31cdf5fe-9d6bb57b9a219a61,0.2882882882882883,0.2909090909090909
2e404969-800b10ae37e3d7ce,597195ee-b4ba1269655144c9,0.28776978417266186,0.30303030303030304
b76bce8a-89488903af269f23,a7e7f371-3d5bd9e83dce6481,0.2875816993464052,0.3235294117647059
b76bce8a-89488903af269f23,54d7c21e-581e372a956c751e,0.2875816993464052,0.3235294117647059
ad2a1ae2-59a3464b36e05b2e,0889dcfb-5f958abf0e6b6ecd,0.2875,0.4339622641509434
f0801d53-af08eeabb98e2061,23194f89-647be20f665e0d73,0.2857142857142857,0.2909090909090909
54d7c21e-581e372a956c751e,1480a727-184dd848302a1e53,0.2857142857142857,0.3058823529411765
b76bce8a-89488903af269f23,80881cae-ce82ca297a5085e4,0.2857142857142857,0.3235294117647059
ad2a1ae2-59a3464b36e05b2e,3412b353-3612df00de54512a,0.2857142857142857,0.32075471698113206
ad2a1ae2-59a3464b36e05b2e,528a6162-3612df00de54512a,0.2857142857142857,0.32075471698113206
7de69858-d96dc10546adeb54,22138fad-347252faab80dcb9,0.28444444444444444,0.32323232323232326
80881cae-ce82ca297a5085e4,1480a727-184dd848302a1e53,0.28415300546448086,0.3023255813953488
3412b353-3612df00de54512a,b76bce8a-89488903af269f23,0.2835820895522388,0.2878787878787879
528a6162-3612df00de54512a,b76bce8a-89488903af269f23,0.2835820895522388,0.2878787878787879
624529e3-40428446629a5943,3412b353-3612df00de54512a,0.2833333333333333,0.3148148148148148
624529e3-40428446629a5943,528a6162-3612df00de54512a,0.2833333333333333,0.3148148148148148
e52863b8-2e5bbc2cec3cf3b1,7de69858-d96dc10546adeb54,0.2822085889570552,0.359375
80881cae-ce82ca297a5085e4,f8e7b886-26eb7834fc813d58,0.28205128205128205,0.38372093023255816
f0801d53-af08eeabb98e2061,5f3a196a-ae2bf1c55cca8075,0.28169014084507044,0.36363636363636365
01b911ac-652b898a351deb7e,ad4c7a20-dbfadfa98471a429,0.2808988764044944,0.3333333333333333
bc46480a-da22e65ddf919ce2,0889dcfb-5f958abf0e6b6ecd,0.2808988764044944,0.352112676056338
d2901569-f41c7e83bedb2435,bcc5473d-29fdca43508985c8,0.27932960893854747,0.4166666666666667
3412b353-3612df00de54512a,1eda0725-f3c230627c25f132,0.2787878787878788,0.3484848484848485
528a6162-3612df00de54512a,1eda0725-f3c230627c25f132,0.2787878787878788,0.3484848484848485
f36138e7-577dba86944edbdf,0889dcfb-5f958abf0e6b6ecd,0.2787878787878788,0.39655172413793105
bc46480a-da22e65ddf919ce2,1469697d-4066bb6afb1a00fb,0.2787878787878788,0.323943661971831
bc46480a-da22e65ddf919ce2,69c86b61-4066bb6afb1a00fb,0.2787878787878788,0.323943661971831
ad2a1ae2-59a3464b36e05b2e,9555b9d1-28abfe28bda54c35,0.27848101265822783,0.41509433962264153
e52863b8-2e5bbc2cec3cf3b1,5f3a196a-ae2bf1c55cca8075,0.2781456953642384,0.328125
72d4d693-5113b88459bc233b,01b911ac-652b898a351deb7e,0.2773722627737226,0.3064516129032258
d76e3b9d-4ded814e5b9a3ab7,1480a727-184dd848302a1e53,0.2754491017964072,0.32857142857142857
3ff25f43-cd9b7655fd701067,a7e7f371-3d5bd9e83dce6481,0.2754491017964072,0.2804878048780488
3ff25f43-cd9b7655fd701067,54d7c21e-581e372a956c751e,0.2754491017964072,0.2804878048780488
a7d1ce58-d11949ddfe1b14a5,9555b9d1-28abfe28bda54c35,0.2727272727272727,0.2903225806451613
476e94d3-c0036197a4b16c2f,80881cae-ce82ca297a5085e4,0.27218934911242604,0.27710843373493976
23194f89-647be20f665e0d73,9555b9d1-28abfe28bda54c35,0.2716049382716049,0.38596491228070173
3412b353-3612df00de54512a,c287ea9d-e63ca730a2a19bd9,0.2716049382716049,0.3333333333333333
528a6162-3612df00de54512a,c287ea9d-e63ca730a2a19bd9,0.2716049382716049,0.3333333333333333
476e94d3-c0036197a4b16c2f,5f3a196a-ae2bf1c55cca8075,0.27058823529411763,0.27710843373493976
597195ee-b4ba1269655144c9,a195911e-42f7a8829746f3b7,0.2702702702702703,0.273972602739726
597195ee-b4ba1269655144c9,a195911e-4ebe2be40f074a21,0.2702702702702703,0.273972602739726
3ff25f43-cd9b7655fd701067,f8e7b886-26eb7834fc813d58,0.26956521739130435,0.3780487804878049
01b911ac-652b898a351deb7e,f8e7b886-26eb7834fc813d58,0.26905829596412556,0.4
b76bce8a-89488903af269f23,ad4c7a20-dbfadfa98471a429,0.26900584795321636,0.3382352941176471
80cc284c-8384e0009a314185,3412b353-3612df00de54512a,0.2689075630252101,0.3018867924528302
80cc284c-8384e0009a314185,528a6162-3612df00de54512a,0.2689075630252101,0.3018867924528302
476e94d3-c0036197a4b16c2f,ad4c7a20-dbfadfa98471a429,0.26881720430107525,0.30120481927710846
9555b9d1-28abfe28bda54c35,f8e7b886-26eb7834fc813d58,0.26877470355731226,0.3238095238095238
ee0bc145-17afde983fbbb4ba,22138fad-347252faab80dcb9,0.26865671641791045,0.36
5f3a196a-ae2bf1c55cca8075,0889dcfb-5f958abf0e6b6ecd,0.26804123711340205,0.2988505747126437
a195911e-42f7a8829746f3b7,3ff25f43-cd9b7655fd701067,0.267515923566879,0.28
a195911e-4ebe2be40f074a21,3ff25f43-cd9b7655fd701067,0.267515923566879,0.28
a7e7f371-3d5bd9e83dce6481,5f3a196a-ae2bf1c55cca8075,0.26744186046511625,0.27058823529411763
2b8f032c-cfbafb1d555ffaa5,a195911e-42f7a8829746f3b7,0.26666666666666666,0.35555555555555557
2b8f032c-cfbafb1d555ffaa5,a195911e-4ebe2be40f074a21,0.26666666666666666,0.35555555555555557
1eda0725-f3c230627c25f132,22138fad-347252faab80dcb9,0.26666666666666666,0.30303030303030304
3412b353-3612df00de54512a,7de69858-d96dc10546adeb54,0.26666666666666666,0.3333333333333333
528a6162-3612df00de54512a,7de69858-d96dc10546adeb54,0.26666666666666666,0.3333333333333333
a7e7f371-3d5bd9e83dce6481,f8e7b886-26eb7834fc813d58,0.26609442060085836,0.36470588235294116
d76e3b9d-4ded814e5b9a3ab7,ad4c7a20-dbfadfa98471a429,0.2658959537572254,0.32857142857142857
1480a727-184dd848302a1e53,7de69858-d96dc10546adeb54,0.2653061224489796,0.26804123711340205
9310ad0c-01a38beff8ee3178,0889dcfb-5f958abf0e6b6ecd,0.26506024096385544,0.3728813559322034
2e404969-800b10ae37e3d7ce,a7e7f371-3d5bd9e83dce6481,0.26490066225165565,0.30303030303030304
2e404969-800b10ae37e3d7ce,54d7c21e-581e372a956c751e,0.26490066225165565,0.30303030303030304
01b911ac-652b898a351deb7e,1eda0725-f3c230627c25f132,0.26436781609195403,0.30666666666666664
80881cae-ce82ca297a5085e4,22138fad-347252faab80dcb9,0.2641509433962264,0.32558139534883723
2b8f032c-cfbafb1d555ffaa5,7de69858-d96dc10546adeb54,0.2638888888888889,0.4222222222222222
a195911e-42f7a8829746f3b7,0889dcfb-5f958abf0e6b6ecd,0.26373626373626374,0.32
a195911e-4ebe2be40f074a21,0889dcfb-5f958abf0e6b6ecd,0.26373626373626374,0.32
2e404969-800b10ae37e3d7ce,bc46480a-da22e65ddf919ce2,0.26277372262773724,0.2727272727272727
23194f89-647be20f665e0d73,ad4c7a20-dbfadfa98471a429,0.2625,0.3684210526315789
8703709f-021cb82b82f73d63,7de69858-d96dc10546adeb54,0.2625,0.3442622950819672
31cdf5fe-9d6bb57b9a219a61,3412b353-3612df00de54512a,0.26229508196721313,0.2857142857142857
31cdf5fe-9d6bb57b9a219a61,528a6162-3612df00de54512a,0.26229508196721313,0.2857142857142857
e52863b8-2e5bbc2cec3cf3b1,bcc5473d-29fdca43508985c8,0.26229508196721313,0.375
31cdf5fe-9d6bb57b9a219a61,1480a727-184dd848302a1e53,0.26143790849673204,0.35714285714285715
c287ea9d-e63ca730a2a19bd9,22138fad-347252faab80dcb9,0.26126126126126126,0.3020833333333333
1c90c367-8bf45a17560c1c20,f8e7b886-26eb7834fc813d58,0.26046511627906976,0.417910447761194
3412b353-3612df00de54512a,22138fad-347252faab80dcb9,0.2604166666666667,0.3787878787878788
528a6162-3612df00de54512a,22138fad-347252faab80dcb9,0.2604166666666667,0.3787878787878788
bc46480a-da22e65ddf919ce2,a195911e-42f7a8829746f3b7,0.2602739726027397,0.2676056338028169
bc46480a-da22e65ddf919ce2,a195911e-4ebe2be40f074a21,0.2602739726027397,0.2676056338028169
bc46480a-da22e65ddf919ce2,01b911ac-652b898a351deb7e,0.2602739726027397,0.2676056338028169
2e404969-800b10ae37e3d7ce,bcc5473d-29fdca43508985c8,0.2594594594594595,0.36363636363636365
e52863b8-2e5bbc2cec3cf3b1,a195911e-42f7a8829746f3b7,0.2589928057553957,0.28125
e52863b8-2e5bbc2cec3cf3b1,a195911e-4ebe2be40f074a21,0.2589928057553957,0.28125
9555b9d1-28abfe28bda54c35,bcc5473d-29fdca43508985c8,0.25892857142857145,0.2761904761904762
c287ea9d-e63ca730a2a19bd9,9555b9d1-28abfe28bda54c35,0.25870646766169153,0.2708333333333333
d2901569-f41c7e83bedb2435,5f3a196a-ae2bf1c55cca8075,0.2585034013605442,0.31666666666666665
8703709f-021cb82b82f73d63,f8e7b886-26eb7834fc813d58,0.2583732057416268,0.4426229508196721
b76bce8a-89488903af269f23,5f3a196a-ae2bf1c55cca8075,0.25806451612903225,0.29411764705882354
2e404969-800b10ae37e3d7ce,1adac634-22d2c4d596bc41c0,0.25766871165644173,0.3181818181818182
e52863b8-2e5bbc2cec3cf3b1,b76bce8a-89488903af269f23,0.25757575757575757,0.265625
54d7c21e-581e372a956c751e,f8e7b886-26eb7834fc813d58,0.2575107296137339,0.35294117647058826
1eda0725-f3c230627c25f132,bcc5473d-29fdca43508985c8,0.25688073394495414,0.2828282828282828
f0801d53-af08eeabb98e2061,a7d1ce58-d11949ddfe1b14a5,0.25675675675675674,0.34545454545454546
9310ad0c-01a38beff8ee3178,9555b9d1-28abfe28bda54c35,0.25609756097560976,0.3559322033898305
1480a727-184dd848302a1e53,1eda0725-f3c230627c25f132,0.25510204081632654,0.25773195876288657
f36138e7-577dba86944edbdf,1eda0725-f3c230627c25f132,0.25477707006369427,0.3448275862068966
80881cae-ce82ca297a5085e4,c287ea9d-e63ca730a2a19bd9,0.25274725274725274,0.26744186046511625
54d7c21e-581e372a956c751e,1adac634-22d2c4d596bc41c0,0.25274725274725274,0.27058823529411763
2e404969-800b10ae37e3d7ce,f8e7b886-26eb7834fc813d58,0.2523364485981308,0.4090909090909091
b76bce8a-89488903af269f23,01b911ac-652b898a351deb7e,0.2517482517482518,0.2647058823529412
f36138e7-577dba86944edbdf,a7e7f371-3d5bd9e83dce6481,0.2517482517482518,0.3103448275862069
f36138e7-577dba86944edbdf,54d7c21e-581e372a956c751e,0.2517482517482518,0.3103448275862069
624529e3-40428446629a5943,9555b9d1-28abfe28bda54c35,0.25157232704402516,0.37037037037037035
5f3a196a-ae2bf1c55cca8075,c287ea9d-e63ca730a2a19bd9,0.25136612021857924,0.26436781609195403
a195911e-42f7a8829746f3b7,a7e7f371-3d5bd9e83dce6481,0.25,0.26666666666666666
a195911e-4ebe2be40f074a21,a7e7f371-3d5bd9e83dce6481,0.25,0.26666666666666666
22dff786-17037264c8318371,ad4c7a20-dbfadfa98471a429,0.25,0.3877551020408163
a7d1ce58-d11949ddfe1b14a5,1eda0725-f3c230627c25f132,0.25,0.25806451612903225
f36138e7-577dba86944edbdf,80881cae-ce82ca297a5085e4,0.25,0.3103448275862069
2e404969-800b10ae37e3d7ce,80881cae-ce82ca297a5085e4,0.25,0.2878787878787879
7de69858-d96dc10546adeb54,bcc5473d-29fdca43508985c8,0.24770642201834864,0.2727272727272727
ad4c7a20-dbfadfa98471a429,0889dcfb-5f958abf0e6b6ecd,0.24761904761904763,0.2524271844660194
a7e7f371-3d5bd9e83dce6481,a7d1ce58-d11949ddfe1b14a5,0.24719101123595505,0.25882352941176473
c287ea9d-e63ca730a2a19bd9,f8e7b886-26eb7834fc813d58,0.2459016393442623,0.3125
476e94d3-c0036197a4b16c2f,9555b9d1-28abfe28bda54c35,0.24468085106382978,0.27710843373493976
e52863b8-2e5bbc2cec3cf3b1,01b911ac-652b898a351deb7e,0.2446043165467626,0.265625
1c90c367-8bf45a17560c1c20,9555b9d1-28abfe28bda54c35,0.2441860465116279,0.31343283582089554
1469697d-4066bb6afb1a00fb,ad4c7a20-dbfadfa98471a429,0.2436548223350254,0.2553191489361702
69c86b61-4066bb6afb1a00fb,ad4c7a20-dbfadfa98471a429,0.2436548223350254,0.2553191489361702
80cc284c-8384e0009a314185,ad4c7a20-dbfadfa98471a429,0.24358974358974358,0.3584905660377358
ad2a1ae2-59a3464b36e05b2e,ad4c7a20-dbfadfa98471a429,0.24358974358974358,0.3584905660377358
b76bce8a-89488903af269f23,9555b9d1-28abfe28bda54c35,0.24277456647398843,0.3088235294117647
80881cae-ce82ca297a5085e4,5f3a196a-ae2bf1c55cca8075,0.24277456647398843,0.2441860465116279
5f3a196a-ae2bf1c55cca8075,ad4c7a20-dbfadfa98471a429,0.24210526315789474,0.26436781609195403
624529e3-40428446629a5943,ad4c7a20-dbfadfa98471a429,0.24203821656050956,0.35185185185185186
a195911e-42f7a8829746f3b7,476e94d3-c0036197a4b16c2f,0.24050632911392406,0.25333333333333335
a195911e-4ebe2be40f074a21,476e94d3-c0036197a4b16c2f,0.24050632911392406,0.25333333333333335
2b8f032c-cfbafb1d555ffaa5,9555b9d1-28abfe28bda54c35,0.24,0.4
d76e3b9d-4ded814e5b9a3ab7,9555b9d1-28abfe28bda54c35,0.24,0.3
01b911ac-652b898a351deb7e,a195911e-42f7a8829746f3b7,0.24,0.24
01b911ac-652b898a351deb7e,a195911e-4ebe2be40f074a21,0.24,0.24
22dff786-17037264c8318371,22138fad-347252faab80dcb9,0.24,0.42857142857142855
2b8f032c-cfbafb1d555ffaa5,1adac634-22d2c4d596bc41c0,0.23943661971830985,0.37777777777777777
476e94d3-c0036197a4b16c2f,22138fad-347252faab80dcb9,0.23923444976076555,0.30120481927710846
8703709f-021cb82b82f73d63,597195ee-b4ba1269655144c9,0.23880597014925373,0.26229508196721313
3412b353-3612df00de54512a,bcc5473d-29fdca43508985c8,0.23783783783783785,0.3333333333333333
528a6162-3612df00de54512a,bcc5473d-29fdca43508985c8,0.23783783783783785,0.3333333333333333
b76bce8a-89488903af269f23,a195911e-42f7a8829746f3b7,0.23776223776223776,0.25
b76bce8a-89488903af269f23,a195911e-4ebe2be40f074a21,0.23776223776223776,0.25
a195911e-42f7a8829746f3b7,54d7c21e-581e372a956c751e,0.2375,0.25333333333333335
a195911e-4ebe2be40f074a21,54d7c21e-581e372a956c751e,0.2375,0.25333333333333335
bc46480a-da22e65ddf919ce2,f8e7b886-26eb7834fc813d58,0.2374429223744292,0.36619718309859156
f0801d53-af08eeabb98e2061,1adac634-22d2c4d596bc41c0,0.23684210526315788,0.32727272727272727
f0801d53-af08eeabb98e2061,f8e7b886-26eb7834fc813d58,0.23645320197044334,0.43636363636363634
a195911e-42f7a8829746f3b7,80881cae-ce82ca297a5085e4,0.2360248447204969,0.25333333333333335
a195911e-4ebe2be40f074a21,80881cae-ce82ca297a5085e4,0.2360248447204969,0.25333333333333335
597195ee-b4ba1269655144c9,9555b9d1-28abfe28bda54c35,0.23595505617977527,0.2876712328767123
597195ee-b4ba1269655144c9,f8e7b886-26eb7834fc813d58,0.23529411764705882,0.3561643835616438
1eda0725-f3c230627c25f132,f8e7b886-26eb7834fc813d58,0.23481781376518218,0.29292929292929293
1adac634-22d2c4d596bc41c0,1eda0725-f3c230627c25f132,0.23469387755102042,0.23711340206185566
d76e3b9d-4ded814e5b9a3ab7,01b911ac-652b898a351deb7e,0.23448275862068965,0.24285714285714285
22dff786-17037264c8318371,9555b9d1-28abfe28bda54c35,0.23376623376623376,0.3673469387755102
d2901569-f41c7e83bedb2435,ad4c7a20-dbfadfa98471a429,0.2331288343558282,0.31666666666666665
f36138e7-577dba86944edbdf,1480a727-184dd848302a1e53,0.23225806451612904,0.3103448275862069
3412b353-3612df00de54512a,0889dcfb-5f958abf0e6b6ecd,0.23121387283236994,0.30303030303030304
528a6162-3612df00de54512a,0889dcfb-5f958abf0e6b6ecd,0.23121387283236994,0.30303030303030304
3ff25f43-cd9b7655fd701067,22138fad-347252faab80dcb9,0.23076923076923078,0.2926829268292683
22dff786-17037264c8318371,f0801d53-af08eeabb98e2061,0.23076923076923078,0.24489795918367346
d76e3b9d-4ded814e5b9a3ab7,80881cae-ce82ca297a5085e4,0.23076923076923078,0.2571428571428571
2e404969-800b10ae37e3d7ce,7de69858-d96dc10546adeb54,0.23030303030303031,0.2878787878787879
f0801d53-af08eeabb98e2061,f36138e7-577dba86944edbdf,0.23008849557522124,0.23636363636363636
3412b353-3612df00de54512a,3ff25f43-cd9b7655fd701067,0.22972972972972974,0.25757575757575757
528a6162-3612df00de54512a,3ff25f43-cd9b7655fd701067,0.22972972972972974,0.25757575757575757
80cc284c-8384e0009a314185,9555b9d1-28abfe28bda54c35,0.22784810126582278,0.33962264150943394
8703709f-021cb82b82f73d63,1adac634-22d2c4d596bc41c0,0.22784810126582278,0.29508196721311475
72d4d693-5113b88459bc233b,9555b9d1-28abfe28bda54c35,0.2275449101796407,0.3064516129032258
bc46480a-da22e65ddf919ce2,c287ea9d-e63ca730a2a19bd9,0.2275449101796407,0.2676056338028169
f36138e7-577dba86944edbdf,bcc5473d-29fdca43508985c8,0.22598870056497175,0.3448275862068966
d76e3b9d-4ded814e5b9a3ab7,0889dcfb-5f958abf0e6b6ecd,0.22598870056497175,0.2857142857142857
3412b353-3612df00de54512a,1c90c367-8bf45a17560c1c20,0.22556390977443608,0.22727272727272727
528a6162-3612df00de54512a,1c90c367-8bf45a17560c1c20,0.22556390977443608,0.22727272727272727
f0801d53-af08eeabb98e2061,c287ea9d-e63ca730a2a19bd9,0.2251655629139073,0.3090909090909091
f0801d53-af08eeabb98e2061,9555b9d1-28abfe28bda54c35,0.225,0.32727272727272727
2e404969-800b10ae37e3d7ce,ad4c7a20-dbfadfa98471a429,0.22485207100591717,0.2878787878787879
a195911e-42f7a8829746f3b7,f8e7b886-26eb7834fc813d58,0.2242152466367713,0.3333333333333333
a195911e-4ebe2be40f074a21,f8e7b886-26eb7834fc813d58,0.2242152466367713,0.3333333333333333
a7d1ce58-d11949ddfe1b14a5,f8e7b886-26eb7834fc813d58,0.22406639004149378,0.2903225806451613
31cdf5fe-9d6bb57b9a219a61,9555b9d1-28abfe28bda54c35,0.2236024844720497,0.32142857142857145
bc46480a-da22e65ddf919ce2,1eda0725-f3c230627c25f132,0.2235294117647059,0.2676056338028169
ad2a1ae2-59a3464b36e05b2e,22138fad-347252faab80dcb9,0.22346368715083798,0.37735849056603776
bc46480a-da22e65ddf919ce2,22138fad-347252faab80dcb9,0.2233502538071066,0.30985915492957744
80cc284c-8384e0009a314185,e52863b8-2e5bbc2cec3cf3b1,0.2222222222222222,0.24528301886792453
2e404969-800b10ae37e3d7ce,5f3a196a-ae2bf1c55cca8075,0.2222222222222222,0.25757575757575757
e52863b8-2e5bbc2cec3cf3b1,0889dcfb-5f958abf0e6b6ecd,0.2222222222222222,0.296875
e52863b8-2e5bbc2cec3cf3b1,22138fad-347252faab80dcb9,0.22105263157894736,0.328125
2b8f032c-cfbafb1d555ffaa5,597195ee-b4ba1269655144c9,0.22033898305084745,0.28888888888888886
624529e3-40428446629a5943,e52863b8-2e5bbc2cec3cf3b1,0.22033898305084745,0.24074074074074073
2e404969-800b10ae37e3d7ce,0889dcfb-5f958abf0e6b6ecd,0.21965317919075145,0.2878787878787879
a195911e-42f7a8829746f3b7,7de69858-d96dc10546adeb54,0.21839080459770116,0.25333333333333335
a195911e-4ebe2be40f074a21,7de69858-d96dc10546adeb54,0.21839080459770116,0.25333333333333335
2b8f032c-cfbafb1d555ffaa5,01b911ac-652b898a351deb7e,0.21666666666666667,0.28888888888888886
31cdf5fe-9d6bb57b9a219a61,e52863b8-2e5bbc2cec3cf3b1,0.21666666666666667,0.23214285714285715
ad4c7a20-dbfadfa98471a429,bcc5473d-29fdca43508985c8,0.21621621621621623,0.23300970873786409
9310ad0c-01a38beff8ee3178,22138fad-347252faab80dcb9,0.21621621621621623,0.3389830508474576
f0801d53-af08eeabb98e2061,ad4c7a20-dbfadfa98471a429,0.21518987341772153,0.3090909090909091
bc46480a-da22e65ddf919ce2,1480a727-184dd848302a1e53,0.21428571428571427,0.2535211267605634
3412b353-3612df00de54512a,a7d1ce58-d11949ddfe1b14a5,0.2138364779874214,0.25757575757575757
528a6162-3612df00de54512a,a7d1ce58-d11949ddfe1b14a5,0.2138364779874214,0.25757575757575757
01b911ac-652b898a351deb7e,ee0bc145-17afde983fbbb4ba,0.21333333333333335,0.21333333333333335
e52863b8-2e5bbc2cec3cf3b1,9555b9d1-28abfe28bda54c35,0.21301775147928995,0.28125
23194f89-647be20f665e0d73,2e404969-800b10ae37e3d7ce,0.21138211382113822,0.22807017543859648
ee0bc145-17afde983fbbb4ba,9555b9d1-28abfe28bda54c35,0.2111111111111111,0.25333333333333335
8703709f-021cb82b82f73d63,bcc5473d-29fdca43508985c8,0.2111111111111111,0.3114754098360656
bc46480a-da22e65ddf919ce2,bcc5473d-29fdca43508985c8,0.21052631578947367,0.28169014084507044
f0801d53-af08eeabb98e2061,9310ad0c-01a38beff8ee3178,0.21052631578947367,0.21818181818181817
9310ad0c-01a38beff8ee3178,ad4c7a20-dbfadfa98471a429,0.20987654320987653,0.288135593220339
d2901569-f41c7e83bedb2435,e52863b8-2e5bbc2cec3cf3b1,0.20967741935483872,0.21666666666666667
01b911ac-652b898a351deb7e,1480a727-184dd848302a1e53,0.20930232558139536,0.24
ee0bc145-17afde983fbbb4ba,1adac634-22d2c4d596bc41c0,0.20930232558139536,0.24
ad2a1ae2-59a3464b36e05b2e,f8e7b886-26eb7834fc813d58,0.208955223880597,0.39622641509433965
3412b353-3612df00de54512a,1480a727-184dd848302a1e53,0.2085889570552147,0.25757575757575757
528a6162-3612df00de54512a,1480a727-184dd848302a1e53,0.2085889570552147,0.25757575757575757
d76e3b9d-4ded814e5b9a3ab7,a7d1ce58-d11949ddfe1b14a5,0.2085889570552147,0.24285714285714285
1c90c367-8bf45a17560c1c20,5f3a196a-ae2bf1c55cca8075,0.2077922077922078,0.23880597014925373
f0801d53-af08eeabb98e2061,7de69858-d96dc10546adeb54,0.2077922077922078,0.2909090909090909
d76e3b9d-4ded814e5b9a3ab7,1469697d-4066bb6afb1a00fb,0.2073170731707317,0.24285714285714285
d76e3b9d-4ded814e5b9a3ab7,69c86b61-4066bb6afb1a00fb,0.2073170731707317,0.24285714285714285
f0801d53-af08eeabb98e2061,8703709f-021cb82b82f73d63,0.20689655172413793,0.21818181818181817
8703709f-021cb82b82f73d63,a7e7f371-3d5bd9e83dce6481,0.2054794520547945,0.2459016393442623
8703709f-021cb82b82f73d63,54d7c21e-581e372a956c751e,0.2054794520547945,0.2459016393442623
3ff25f43-cd9b7655fd701067,ad4c7a20-dbfadfa98471a429,0.20540540540540542,0.23170731707317074
8703709f-021cb82b82f73d63,80881cae-ce82ca297a5085e4,0.20408163265306123,0.2459016393442623
f0801d53-af08eeabb98e2061,476e94d3-c0036197a4b16c2f,0.2028985507246377,0.2545454545454545
bc46480a-da22e65ddf919ce2,5f3a196a-ae2bf1c55cca8075,0.20253164556962025,0.22535211267605634
7de69858-d96dc10546adeb54,f8e7b886-26eb7834fc813d58,0.20242914979757085,0.25252525252525254
3ff25f43-cd9b7655fd701067,5f3a196a-ae2bf1c55cca8075,0.20118343195266272,0.2073170731707317
9310ad0c-01a38beff8ee3178,bc46480a-da22e65ddf919ce2,0.2,0.22033898305084745
624529e3-40428446629a5943,22138fad-347252faab80dcb9,0.2,0.3333333333333333
2b8f032c-cfbafb1d555ffaa5,3412b353-3612df00de54512a,0.1981981981981982,0.24444444444444444
2b8f032c-cfbafb1d555ffaa5,528a6162-3612df00de54512a,0.1981981981981982,0.24444444444444444
a7d1ce58-d11949ddfe1b14a5,bcc5473d-29fdca43508985c8,0.19811320754716982,0.22580645161290322
22138fad-347252faab80dcb9,f8e7b886-26eb7834fc813d58,0.19708029197080293,0.21428571428571427
2b8f032c-cfbafb1d555ffaa5,5f3a196a-ae2bf1c55cca8075,0.19696969696969696,0.28888888888888886
8703709f-021cb82b82f73d63,bc46480a-da22e65ddf919ce2,0.19696969696969696,0.21311475409836064
80881cae-ce82ca297a5085e4,1adac634-22d2c4d596bc41c0,0.19672131147540983,0.20930232558139536
f36138e7-577dba86944edbdf,9555b9d1-28abfe28bda54c35,0.19631901840490798,0.27586206896551724
1eda0725-f3c230627c25f132,9555b9d1-28abfe28bda54c35,0.19607843137254902,0.20202020202020202
a7e7f371-3d5bd9e83dce6481,bcc5473d-29fdca43508985c8,0.19607843137254902,0.23529411764705882
54d7c21e-581e372a956c751e,bcc5473d-29fdca43508985c8,0.19607843137254902,0.23529411764705882
1480a727-184dd848302a1e53,f8e7b886-26eb7834fc813d58,0.19591836734693877,0.24742268041237114
5f3a196a-ae2bf1c55cca8075,1480a727-184dd848302a1e53,0.1956521739130435,0.20689655172413793
72d4d693-5113b88459bc233b,bc46480a-da22e65ddf919ce2,0.19548872180451127,0.20967741935483872
f0801d53-af08eeabb98e2061,bcc5473d-29fdca43508985c8,0.19540229885057472,0.3090909090909091
80881cae-ce82ca297a5085e4,bcc5473d-29fdca43508985c8,0.1951219512195122,0.23255813953488372
b76bce8a-89488903af269f23,f8e7b886-26eb7834fc813d58,0.19444444444444445,0.3088235294117647
f36138e7-577dba86944edbdf,3412b353-3612df00de54512a,0.1935483870967742,0.20689655172413793
f36138e7-577dba86944edbdf,528a6162-3612df00de54512a,0.1935483870967742,0.20689655172413793
8703709f-021cb82b82f73d63,e52863b8-2e5bbc2cec3cf3b1,0.192,0.19672131147540983
a7e7f371-3d5bd9e83dce6481,1469697d-4066bb6afb1a00fb,0.18994413407821228,0.2
54d7c21e-581e372a956c751e,1469697d-4066bb6afb1a00fb,0.18994413407821228,0.2
a7e7f371-3d5bd9e83dce6481,69c86b61-4066bb6afb1a00fb,0.18994413407821228,0.2
54d7c21e-581e372a956c751e,69c86b61-4066bb6afb1a00fb,0.18994413407821228,0.2
8703709f-021cb82b82f73d63,5f3a196a-ae2bf1c55cca8075,0.1891891891891892,0.22950819672131148
01b911ac-652b898a351deb7e,22138fad-347252faab80dcb9,0.1890547263681592,0.25333333333333335
80881cae-ce82ca297a5085e4,1469697d-4066bb6afb1a00fb,0.18888888888888888,0.19767441860465115
80881cae-ce82ca297a5085e4,69c86b61-4066bb6afb1a00fb,0.18888888888888888,0.19767441860465115
597195ee-b4ba1269655144c9,1adac634-22d2c4d596bc41c0,0.18823529411764706,0.2191780821917808
bcc5473d-29fdca43508985c8,22138fad-347252faab80dcb9,0.18775510204081633,0.19327731092436976
a195911e-42f7a8829746f3b7,ee0bc145-17afde983fbbb4ba,0.18666666666666668,0.18666666666666668
a195911e-4ebe2be40f074a21,ee0bc145-17afde983fbbb4ba,0.18666666666666668,0.18666666666666668
f36138e7-577dba86944edbdf,bc46480a-da22e65ddf919ce2,0.18604651162790697,0.20689655172413793
5f3a196a-ae2bf1c55cca8075,1adac634-22d2c4d596bc41c0,0.18478260869565216,0.19540229885057472
e52863b8-2e5bbc2cec3cf3b1,2e404969-800b10ae37e3d7ce,0.18461538461538463,0.1875
f0801d53-af08eeabb98e2061,1480a727-184dd848302a1e53,0.18421052631578946,0.2545454545454545
2b8f032c-cfbafb1d555ffaa5,e52863b8-2e5bbc2cec3cf3b1,0.1834862385321101,0.2222222222222222
5f3a196a-ae2bf1c55cca8075,1eda0725-f3c230627c25f132,0.1827956989247312,0.19540229885057472
72d4d693-5113b88459bc233b,ad4c7a20-dbfadfa98471a429,0.18181818181818182,0.24193548387096775
1469697d-4066bb6afb1a00fb,f8e7b886-26eb7834fc813d58,0.18181818181818182,0.23404255319148937
1469697d-4066bb6afb1a00fb,22138fad-347252faab80dcb9,0.18181818181818182,0.2127659574468085
69c86b61-4066bb6afb1a00fb,f8e7b886-26eb7834fc813d58,0.18181818181818182,0.23404255319148937
69c86b61-4066bb6afb1a00fb,22138fad-347252faab80dcb9,0.18181818181818182,0.2127659574468085
f0801d53-af08eeabb98e2061,2e404969-800b10ae37e3d7ce,0.18181818181818182,0.2
0889dcfb-5f958abf0e6b6ecd,f8e7b886-26eb7834fc813d58,0.1803921568627451,0.21495327102803738
9555b9d1-28abfe28bda54c35,0889dcfb-5f958abf0e6b6ecd,0.1792452830188679,0.18095238095238095
80cc284c-8384e0009a314185,22138fad-347252faab80dcb9,0.1787709497206704,0.3018867924528302
5f3a196a-ae2bf1c55cca8075,f8e7b886-26eb7834fc813d58,0.17872340425531916,0.2413793103448276
0889dcfb-5f958abf0e6b6ecd,bcc5473d-29fdca43508985c8,0.17699115044247787,0.18691588785046728
5f3a196a-ae2bf1c55cca8075,1469697d-4066bb6afb1a00fb,0.17679558011049723,0.1839080459770115
5f3a196a-ae2bf1c55cca8075,69c86b61-4066bb6afb1a00fb,0.17679558011049723,0.1839080459770115
1469697d-4066bb6afb1a00fb,1eda0725-f3c230627c25f132,0.17616580310880828,0.18085106382978725
69c86b61-4066bb6afb1a00fb,1eda0725-f3c230627c25f132,0.17616580310880828,0.18085106382978725
31cdf5fe-9d6bb57b9a219a61,22138fad-347252faab80dcb9,0.17582417582417584,0.2857142857142857
f0801d53-af08eeabb98e2061,3ff25f43-cd9b7655fd701067,0.17518248175182483,0.21818181818181817
f36138e7-577dba86944edbdf,ad4c7a20-dbfadfa98471a429,0.17391304347826086,0.2413793103448276
d2901569-f41c7e83bedb2435,22138fad-347252faab80dcb9,0.17204301075268819,0.26666666666666666
8703709f-021cb82b82f73d63,ad4c7a20-dbfadfa98471a429,0.17073170731707318,0.22950819672131148
1480a727-184dd848302a1e53,22138fad-347252faab80dcb9,0.17040358744394618,0.1958762886597938
1adac634-22d2c4d596bc41c0,22138fad-347252faab80dcb9,0.17040358744394618,0.1958762886597938
d76e3b9d-4ded814e5b9a3ab7,bc46480a-da22e65ddf919ce2,0.1702127659574468,0.17142857142857143
f0801d53-af08eeabb98e2061,1eda0725-f3c230627c25f132,0.16883116883116883,0.23636363636363636
1469697d-4066bb6afb1a00fb,1480a727-184dd848302a1e53,0.16753926701570682,0.1702127659574468
69c86b61-4066bb6afb1a00fb,1480a727-184dd848302a1e53,0.16753926701570682,0.1702127659574468
1480a727-184dd848302a1e53,bcc5473d-29fdca43508985c8,0.16666666666666666,0.18556701030927836
c287ea9d-e63ca730a2a19bd9,1adac634-22d2c4d596bc41c0,0.16580310880829016,0.16666666666666666
23194f89-647be20f665e0d73,22138fad-347252faab80dcb9,0.16393442622950818,0.2631578947368421
22dff786-17037264c8318371,f8e7b886-26eb7834fc813d58,0.16243654822335024,0.32653061224489793
22dff786-17037264c8318371,5f3a196a-ae2bf1c55cca8075,0.16176470588235295,0.22448979591836735
a195911e-42f7a8829746f3b7,1eda0725-f3c230627c25f132,0.16091954022988506,0.18666666666666668
a195911e-4ebe2be40f074a21,1eda0725-f3c230627c25f132,0.16091954022988506,0.18666666666666668
80cc284c-8384e0009a314185,f8e7b886-26eb7834fc813d58,0.15920398009950248,0.3018867924528302
d2901569-f41c7e83bedb2435,3412b353-3612df00de54512a,0.15873015873015872,0.16666666666666666
d2901569-f41c7e83bedb2435,528a6162-3612df00de54512a,0.15873015873015872,0.16666666666666666
2b8f032c-cfbafb1d555ffaa5,bcc5473d-29fdca43508985c8,0.15853658536585366,0.28888888888888886
624529e3-40428446629a5943,f8e7b886-26eb7834fc813d58,0.15841584158415842,0.2962962962962963
d2901569-f41c7e83bedb2435,9555b9d1-28abfe28bda54c35,0.15757575757575756,0.21666666666666667
bcc5473d-29fdca43508985c8,f8e7b886-26eb7834fc813d58,0.15730337078651685,0.17647058823529413
80cc284c-8384e0009a314185,5f3a196a-ae2bf1c55cca8075,0.15714285714285714,0.20754716981132076
ad2a1ae2-59a3464b36e05b2e,5f3a196a-ae2bf1c55cca8075,0.15714285714285714,0.20754716981132076
624529e3-40428446629a5943,5f3a196a-ae2bf1c55cca8075,0.15602836879432624,0.2037037037037037
9310ad0c-01a38beff8ee3178,f8e7b886-26eb7834fc813d58,0.15458937198067632,0.2711864406779661
31cdf5fe-9d6bb57b9a219a61,5f3a196a-ae2bf1c55cca8075,0.15384615384615385,0.19642857142857142
e52863b8-2e5bbc2cec3cf3b1,3412b353-3612df00de54512a,0.15384615384615385,0.15625
e52863b8-2e5bbc2cec3cf3b1,528a6162-3612df00de54512a,0.15384615384615385,0.15625
a7d1ce58-d11949ddfe1b14a5,ad4c7a20-dbfadfa98471a429,0.15306122448979592,0.16129032258064516
1adac634-22d2c4d596bc41c0,7de69858-d96dc10546adeb54,0.15306122448979592,0.15463917525773196
72d4d693-5113b88459bc233b,f8e7b886-26eb7834fc813d58,0.1523809523809524,0.25806451612903225
d76e3b9d-4ded814e5b9a3ab7,a195911e-42f7a8829746f3b7,0.15172413793103448,0.15714285714285714
d76e3b9d-4ded814e5b9a3ab7,a195911e-4ebe2be40f074a21,0.15172413793103448,0.15714285714285714
e52863b8-2e5bbc2cec3cf3b1,f8e7b886-26eb7834fc813d58,0.1509433962264151,0.25
72d4d693-5113b88459bc233b,22138fad-347252faab80dcb9,0.14893617021276595,0.22580645161290322
1adac634-22d2c4d596bc41c0,9555b9d1-28abfe28bda54c35,0.1485148514851485,0.15463917525773196
9555b9d1-28abfe28bda54c35,22138fad-347252faab80dcb9,0.1471861471861472,0.1619047619047619
23194f89-647be20f665e0d73,1469697d-4066bb6afb1a00fb,0.1456953642384106,0.19298245614035087
23194f89-647be20f665e0d73,69c86b61-4066bb6afb1a00fb,0.1456953642384106,0.19298245614035087
2b8f032c-cfbafb1d555ffaa5,f8e7b886-26eb7834fc813d58,0.14507772020725387,0.3111111111111111
f36138e7-577dba86944edbdf,1469697d-4066bb6afb1a00fb,0.14473684210526316,0.1896551724137931
f36138e7-577dba86944edbdf,69c86b61-4066bb6afb1a00fb,0.14473684210526316,0.1896551724137931
5f3a196a-ae2bf1c55cca8075,a7d1ce58-d11949ddfe1b14a5,0.14444444444444443,0.14942528735632185
476e94d3-c0036197a4b16c2f,1adac634-22d2c4d596bc41c0,0.14444444444444443,0.1566265060240964
ad4c7a20-dbfadfa98471a429,9555b9d1-28abfe28bda54c35,0.14423076923076922,0.14563106796116504
e52863b8-2e5bbc2cec3cf3b1,1469697d-4066bb6afb1a00fb,0.13924050632911392,0.171875
e52863b8-2e5bbc2cec3cf3b1,69c86b61-4066bb6afb1a00fb,0.13924050632911392,0.171875
476e94d3-c0036197a4b16c2f,f8e7b886-26eb7834fc813d58,0.13852813852813853,0.1927710843373494
a7e7f371-3d5bd9e83dce6481,9555b9d1-28abfe28bda54c35,0.1368421052631579,0.15294117647058825
54d7c21e-581e372a956c751e,9555b9d1-28abfe28bda54c35,0.1368421052631579,0.15294117647058825
80881cae-ce82ca297a5085e4,9555b9d1-28abfe28bda54c35,0.13612565445026178,0.1511627906976744
b76bce8a-89488903af269f23,1469697d-4066bb6afb1a00fb,0.13580246913580246,0.16176470588235295
b76bce8a-89488903af269f23,69c86b61-4066bb6afb1a00fb,0.13580246913580246,0.16176470588235295
a195911e-42f7a8829746f3b7,5f3a196a-ae2bf1c55cca8075,0.13580246913580246,0.14666666666666667
a195911e-4ebe2be40f074a21,5f3a196a-ae2bf1c55cca8075,0.13580246913580246,0.14666666666666667
01b911ac-652b898a351deb7e,5f3a196a-ae2bf1c55cca8075,0.13580246913580246,0.14666666666666667
1480a727-184dd848302a1e53,1adac634-22d2c4d596bc41c0,0.13402061855670103,0.13402061855670103
31cdf5fe-9d6bb57b9a219a61,1469697d-4066bb6afb1a00fb,0.13333333333333333,0.17857142857142858
31cdf5fe-9d6bb57b9a219a61,69c86b61-4066bb6afb1a00fb,0.13333333333333333,0.17857142857142858
3412b353-3612df00de54512a,a7e7f371-3d5bd9e83dce6481,0.13245033112582782,0.15151515151515152
3412b353-3612df00de54512a,54d7c21e-581e372a956c751e,0.13245033112582782,0.15151515151515152
528a6162-3612df00de54512a,a7e7f371-3d5bd9e83dce6481,0.13245033112582782,0.15151515151515152
528a6162-3612df00de54512a,54d7c21e-581e372a956c751e,0.13245033112582782,0.15151515151515152
3412b353-3612df00de54512a,80881cae-ce82ca297a5085e4,0.13157894736842105,0.15151515151515152
528a6162-3612df00de54512a,80881cae-ce82ca297a5085e4,0.13157894736842105,0.15151515151515152
80cc284c-8384e0009a314185,f0801d53-af08eeabb98e2061,0.12962962962962962,0.1320754716981132
a195911e-42f7a8829746f3b7,22138fad-347252faab80dcb9,0.12935323383084577,0.17333333333333334
a195911e-4ebe2be40f074a21,22138fad-347252faab80dcb9,0.12935323383084577,0.17333333333333334
624529e3-40428446629a5943,f0801d53-af08eeabb98e2061,0.12844036697247707,0.12962962962962962
01b911ac-652b898a351deb7e,1adac634-22d2c4d596bc41c0,0.12790697674418605,0.14666666666666667
a7d1ce58-d11949ddfe1b14a5,22138fad-347252faab80dcb9,0.1278538812785388,0.15053763440860216
23194f89-647be20f665e0d73,bc46480a-da22e65ddf919ce2,0.125,0.14035087719298245
5f3a196a-ae2bf1c55cca8075,9555b9d1-28abfe28bda54c35,0.125,0.13793103448275862
2e404969-800b10ae37e3d7ce,22138fad-347252faab80dcb9,0.125,0.18181818181818182
1c90c367-8bf45a17560c1c20,1469697d-4066bb6afb1a00fb,0.12422360248447205,0.14925373134328357
1c90c367-8bf45a17560c1c20,69c86b61-4066bb6afb1a00fb,0.12422360248447205,0.14925373134328357
a195911e-42f7a8829746f3b7,bcc5473d-29fdca43508985c8,0.12371134020618557,0.16
a195911e-4ebe2be40f074a21,bcc5473d-29fdca43508985c8,0.12371134020618557,0.16
f0801d53-af08eeabb98e2061,01b911ac-652b898a351deb7e,0.12307692307692308,0.14545454545454545
f0801d53-af08eeabb98e2061,d2901569-f41c7e83bedb2435,0.12173913043478261,0.12727272727272726
b76bce8a-89488903af269f23,1adac634-22d2c4d596bc41c0,0.12121212121212122,0.14705882352941177
597195ee-b4ba1269655144c9,1469697d-4066bb6afb1a00fb,0.11976047904191617,0.136986301369863
597195ee-b4ba1269655144c9,69c86b61-4066bb6afb1a00fb,0.11976047904191617,0.136986301369863
f0801d53-af08eeabb98e2061,72d4d693-5113b88459bc233b,0.11965811965811966,0.12727272727272726
f36138e7-577dba86944edbdf,22138fad-347252faab80dcb9,0.11956521739130435,0.1896551724137931
bc46480a-da22e65ddf919ce2,1adac634-22d2c4d596bc41c0,0.11904761904761904,0.14084507042253522
3412b353-3612df00de54512a,ad4c7a20-dbfadfa98471a429,0.11834319526627218,0.15151515151515152
528a6162-3612df00de54512a,ad4c7a20-dbfadfa98471a429,0.11834319526627218,0.15151515151515152
ee0bc145-17afde983fbbb4ba,1469697d-4066bb6afb1a00fb,0.11834319526627218,0.13333333333333333
ee0bc145-17afde983fbbb4ba,69c86b61-4066bb6afb1a00fb,0.11834319526627218,0.13333333333333333
8703709f-021cb82b82f73d63,22138fad-347252faab80dcb9,0.11764705882352941,0.18032786885245902
f0801d53-af08eeabb98e2061,b76bce8a-89488903af269f23,0.11382113821138211,0.12727272727272726
3ff25f43-cd9b7655fd701067,1469697d-4066bb6afb1a00fb,0.11363636363636363,0.12195121951219512
3ff25f43-cd9b7655fd701067,69c86b61-4066bb6afb1a00fb,0.11363636363636363,0.12195121951219512
1469697d-4066bb6afb1a00fb,9555b9d1-28abfe28bda54c35,0.11055276381909548,0.11702127659574468
69c86b61-4066bb6afb1a00fb,9555b9d1-28abfe28bda54c35,0.11055276381909548,0.11702127659574468
f0801d53-af08eeabb98e2061,22138fad-347252faab80dcb9,0.11049723756906077,0.18181818181818182
9310ad0c-01a38beff8ee3178,5f3a196a-ae2bf1c55cca8075,0.1095890410958904,0.13559322033898305
31cdf5fe-9d6bb57b9a219a61,f8e7b886-26eb7834fc813d58,0.10784313725490197,0.19642857142857142
2b8f032c-cfbafb1d555ffaa5,a7e7f371-3d5bd9e83dce6481,0.1076923076923077,0.15555555555555556
2b8f032c-cfbafb1d555ffaa5,54d7c21e-581e372a956c751e,0.1076923076923077,0.15555555555555556
72d4d693-5113b88459bc233b,5f3a196a-ae2bf1c55cca8075,0.10738255033557047,0.12903225806451613
23194f89-647be20f665e0d73,f8e7b886-26eb7834fc813d58,0.1073170731707317,0.19298245614035087
a7d1ce58-d11949ddfe1b14a5,1469697d-4066bb6afb1a00fb,0.10695187165775401,0.10752688172043011
a7d1ce58-d11949ddfe1b14a5,69c86b61-4066bb6afb1a00fb,0.10695187165775401,0.10752688172043011
2b8f032c-cfbafb1d555ffaa5,80881cae-ce82ca297a5085e4,0.10687022900763359,0.15555555555555556
01b911ac-652b898a351deb7e,1469697d-4066bb6afb1a00fb,0.10650887573964497,0.12
01b911ac-652b898a351deb7e,69c86b61-4066bb6afb1a00fb,0.10650887573964497,0.12
d2901569-f41c7e83bedb2435,f8e7b886-26eb7834fc813d58,0.10576923076923077,0.18333333333333332
1469697d-4066bb6afb1a00fb,1adac634-22d2c4d596bc41c0,0.10471204188481675,0.10638297872340426
69c86b61-4066bb6afb1a00fb,1adac634-22d2c4d596bc41c0,0.10471204188481675,0.10638297872340426
1469697d-4066bb6afb1a00fb,7de69858-d96dc10546adeb54,0.10362694300518134,0.10638297872340426
69c86b61-4066bb6afb1a00fb,7de69858-d96dc10546adeb54,0.10362694300518134,0.10638297872340426
d76e3b9d-4ded814e5b9a3ab7,f8e7b886-26eb7834fc813d58,0.10091743119266056,0.15714285714285714
01b911ac-652b898a351deb7e,a7e7f371-3d5bd9e83dce6481,0.1,0.10666666666666667
01b911ac-652b898a351deb7e,54d7c21e-581e372a956c751e,0.1,0.10666666666666667
1469697d-4066bb6afb1a00fb,0889dcfb-5f958abf0e6b6ecd,0.09950248756218906,0.10638297872340426
69c86b61-4066bb6afb1a00fb,0889dcfb-5f958abf0e6b6ecd,0.09950248756218906,0.10638297872340426
01b911ac-652b898a351deb7e,80881cae-ce82ca297a5085e4,0.09937888198757763,0.10666666666666667
3412b353-3612df00de54512a,01b911ac-652b898a351deb7e,0.09929078014184398,0.10606060606060606
528a6162-3612df00de54512a,01b911ac-652b898a351deb7e,0.09929078014184398,0.10606060606060606
f36138e7-577dba86944edbdf,e52863b8-2e5bbc2cec3cf3b1,0.09836065573770492,0.10344827586206896
1adac634-22d2c4d596bc41c0,0889dcfb-5f958abf0e6b6ecd,0.09803921568627451,0.10309278350515463
f36138e7-577dba86944edbdf,f8e7b886-26eb7834fc813d58,0.0970873786407767,0.1724137931034483
5f3a196a-ae2bf1c55cca8075,bcc5473d-29fdca43508985c8,0.0970873786407767,0.11494252873563218
1469697d-4066bb6afb1a00fb,bcc5473d-29fdca43508985c8,0.09389671361502347,0.10638297872340426
69c86b61-4066bb6afb1a00fb,bcc5473d-29fdca43508985c8,0.09389671361502347,0.10638297872340426
01b911ac-652b898a351deb7e,0889dcfb-5f958abf0e6b6ecd,0.08791208791208792,0.10666666666666667
f0801d53-af08eeabb98e2061,3412b353-3612df00de54512a,0.08264462809917356,0.09090909090909091
f0801d53-af08eeabb98e2061,528a6162-3612df00de54512a,0.08264462809917356,0.09090909090909091
2b8f032c-cfbafb1d555ffaa5,ad4c7a20-dbfadfa98471a429,0.08108108108108109,0.13333333333333333
8703709f-021cb82b82f73d63,3412b353-3612df00de54512a,0.07874015748031496,0.08196721311475409
8703709f-021cb82b82f73d63,528a6162-3612df00de54512a,0.07874015748031496,0.08196721311475409
31cdf5fe-9d6bb57b9a219a61,1adac634-22d2c4d596bc41c0,0.0784313725490196,0.10714285714285714
e52863b8-2e5bbc2cec3cf3b1,1adac634-22d2c4d596bc41c0,0.07453416149068323,0.09375
1c90c367-8bf45a17560c1c20,1adac634-22d2c4d596bc41c0,0.07317073170731707,0.08955223880597014
3412b353-3612df00de54512a,a195911e-42f7a8829746f3b7,0.07092198581560284,0.07575757575757576
528a6162-3612df00de54512a,a195911e-42f7a8829746f3b7,0.07092198581560284,0.07575757575757576
3412b353-3612df00de54512a,a195911e-4ebe2be40f074a21,0.07092198581560284,0.07575757575757576
528a6162-3612df00de54512a,a195911e-4ebe2be40f074a21,0.07092198581560284,0.07575757575757576
3412b353-3612df00de54512a,9555b9d1-28abfe28bda54c35,0.07017543859649122,0.09090909090909091
528a6162-3612df00de54512a,9555b9d1-28abfe28bda54c35,0.07017543859649122,0.09090909090909091
2b8f032c-cfbafb1d555ffaa5,22138fad-347252faab80dcb9,0.07017543859649122,0.13333333333333333
22dff786-17037264c8318371,1469697d-4066bb6afb1a00fb,0.06993006993006994,0.10204081632653061
22dff786-17037264c8318371,69c86b61-4066bb6afb1a00fb,0.06993006993006994,0.10204081632653061
f36138e7-577dba86944edbdf,5f3a196a-ae2bf1c55cca8075,0.06896551724137931,0.08620689655172414
80cc284c-8384e0009a314185,1469697d-4066bb6afb1a00fb,0.06802721088435375,0.09433962264150944
80cc284c-8384e0009a314185,69c86b61-4066bb6afb1a00fb,0.06802721088435375,0.09433962264150944
ad2a1ae2-59a3464b36e05b2e,1469697d-4066bb6afb1a00fb,0.06802721088435375,0.09433962264150944
ad2a1ae2-59a3464b36e05b2e,69c86b61-4066bb6afb1a00fb,0.06802721088435375,0.09433962264150944
624529e3-40428446629a5943,1469697d-4066bb6afb1a00fb,0.06756756756756757,0.09259259259259259
624529e3-40428446629a5943,69c86b61-4066bb6afb1a00fb,0.06756756756756757,0.09259259259259259
f0801d53-af08eeabb98e2061,1469697d-4066bb6afb1a00fb,0.06711409395973154,0.09090909090909091
f0801d53-af08eeabb98e2061,69c86b61-4066bb6afb1a00fb,0.06711409395973154,0.09090909090909091
ad2a1ae2-59a3464b36e05b2e,1adac634-22d2c4d596bc41c0,0.06666666666666667,0.09433962264150944
d2901569-f41c7e83bedb2435,1469697d-4066bb6afb1a00fb,0.06493506493506493,0.08333333333333333
d2901569-f41c7e83bedb2435,69c86b61-4066bb6afb1a00fb,0.06493506493506493,0.08333333333333333
3412b353-3612df00de54512a,1469697d-4066bb6afb1a00fb,0.0625,0.07575757575757576
528a6162-3612df00de54512a,1469697d-4066bb6afb1a00fb,0.0625,0.07575757575757576
3412b353-3612df00de54512a,69c86b61-4066bb6afb1a00fb,0.0625,0.07575757575757576
528a6162-3612df00de54512a,69c86b61-4066bb6afb1a00fb,0.0625,0.07575757575757576
3412b353-3612df00de54512a,1adac634-22d2c4d596bc41c0,0.06134969325153374,0.07575757575757576
528a6162-3612df00de54512a,1adac634-22d2c4d596bc41c0,0.06134969325153374,0.07575757575757576
d76e3b9d-4ded814e5b9a3ab7,1adac634-22d2c4d596bc41c0,0.059880239520958084,0.07142857142857142
476e94d3-c0036197a4b16c2f,1469697d-4066bb6afb1a00fb,0.05649717514124294,0.060240963855421686
476e94d3-c0036197a4b16c2f,69c86b61-4066bb6afb1a00fb,0.05649717514124294,0.060240963855421686
1adac634-22d2c4d596bc41c0,bcc5473d-29fdca43508985c8,0.05555555555555555,0.061855670103092786
1469697d-4066bb6afb1a00fb,c287ea9d-e63ca730a2a19bd9,0.05263157894736842,0.05319148936170213
69c86b61-4066bb6afb1a00fb,c287ea9d-e63ca730a2a19bd9,0.05263157894736842,0.05319148936170213
80cc284c-8384e0009a314185,1adac634-22d2c4d596bc41c0,0.0,0.0
23194f89-647be20f665e0d73,1adac634-22d2c4d596bc41c0,0.0,0.0
a195911e-42f7a8829746f3b7,1469697d-4066bb6afb1a00fb,0.0,0.0
a195911e-42f7a8829746f3b7,69c86b61-4066bb6afb1a00fb,0.0,0.0
a195911e-4ebe2be40f074a21,1469697d-4066bb6afb1a00fb,0.0,0.0
a195911e-4ebe2be40f074a21,69c86b61-4066bb6afb1a00fb,0.0,0.0
72d4d693-5113b88459bc233b,1469697d-4066bb6afb1a00fb,0.0,0.0
72d4d693-5113b88459bc233b,69c86b61-4066bb6afb1a00fb,0.0,0.0
72d4d693-5113b88459bc233b,1adac634-22d2c4d596bc41c0,0.0,0.0
f36138e7-577dba86944edbdf,1adac634-22d2c4d596bc41c0,0.0,0.0
2b8f032c-cfbafb1d555ffaa5,bc46480a-da22e65ddf919ce2,0.0,0.0
3412b353-3612df00de54512a,bc46480a-da22e65ddf919ce2,0.0,0.0
528a6162-3612df00de54512a,bc46480a-da22e65ddf919ce2,0.0,0.0
2b8f032c-cfbafb1d555ffaa5,1469697d-4066bb6afb1a00fb,0.0,0.0
2e404969-800b10ae37e3d7ce,1469697d-4066bb6afb1a00fb,0.0,0.0
8703709f-021cb82b82f73d63,1469697d-4066bb6afb1a00fb,0.0,0.0
9310ad0c-01a38beff8ee3178,1469697d-4066bb6afb1a00fb,0.0,0.0
2b8f032c-cfbafb1d555ffaa5,69c86b61-4066bb6afb1a00fb,0.0,0.0
2e404969-800b10ae37e3d7ce,69c86b61-4066bb6afb1a00fb,0.0,0.0
8703709f-021cb82b82f73d63,69c86b61-4066bb6afb1a00fb,0.0,0.0
9310ad0c-01a38beff8ee3178,69c86b61-4066bb6afb1a00fb,0.0,0.0
3412b353-3612df00de54512a,f8e7b886-26eb7834fc813d58,0.0,0.0
528a6162-3612df00de54512a,f8e7b886-26eb7834fc813d58,0.0,0.0
a7d1ce58-d11949ddfe1b14a5,1adac634-22d2c4d596bc41c0,0.0,0.0
3ff25f43-cd9b7655fd701067,1adac634-22d2c4d596bc41c0,0.0,0.0
d2901569-f41c7e83bedb2435,1adac634-22d2c4d596bc41c0,0.0,0.0
22dff786-17037264c8318371,1adac634-22d2c4d596bc41c0,0.0,0.0
f0801d53-af08eeabb98e2061,d76e3b9d-4ded814e5b9a3ab7,0.0,0.0
624529e3-40428446629a5943,1adac634-22d2c4d596bc41c0,0.0,0.0
9310ad0c-01a38beff8ee3178,1adac634-22d2c4d596bc41c0,0.0,0.0
