pair_id,split,label,problem_id,language,case_type,problem_type,group_id,method,score,threshold,predicted,correct,in_common_support,analysis_elapsed_ms,aggregation_us,warnings
TEST-SIMPLE-IO-01-NATURAL,test,NATURAL_SIMILAR,TEST-SIMPLE-IO-01,python,NATURAL_TEMPLATE,simple_io,G-8b1eb27d8463,RAW_ONLY,0.647059,0.0,True,False,True,0.5855,0.9,
TEST-SIMPLE-IO-01-INDEPENDENT,test,INDEPENDENT,TEST-SIMPLE-IO-01,python,INDEPENDENT_SOLUTION,simple_io,G-8b1eb27d8463,RAW_ONLY,0.315789,0.0,True,False,True,0.6006,0.8,
TEST-ARRAY-LOOP-01-NATURAL,test,NATURAL_SIMILAR,TEST-ARRAY-LOOP-01,python,NATURAL_TEMPLATE,array_loop,G-d2407dbc1a72,RAW_ONLY,0.451613,0.0,True,False,True,0.7981,0.9,
TEST-ARRAY-LOOP-01-INDEPENDENT,test,INDEPENDENT,TEST-ARRAY-LOOP-01,python,INDEPENDENT_SOLUTION,array_loop,G-d2407dbc1a72,RAW_ONLY,0.108108,0.0,True,False,True,0.7543,0.9,
TEST-SORT-TEMPLATE-01-NATURAL,test,NATURAL_SIMILAR,TEST-SORT-TEMPLATE-01,python,NATURAL_TEMPLATE,sort_template,G-1df5b9b2b1b6,RAW_ONLY,0.890625,0.0,True,False,True,2.1706,0.9,
TEST-SORT-TEMPLATE-01-INDEPENDENT,test,INDEPENDENT,TEST-SORT-TEMPLATE-01,python,INDEPENDENT_SOLUTION,sort_template,G-1df5b9b2b1b6,RAW_ONLY,0.0625,0.0,True,False,True,1.1775,0.9,
TEST-DFS-GRAPH-01-NATURAL,test,NATURAL_SIMILAR,TEST-DFS-GRAPH-01,python,NATURAL_TEMPLATE,dfs_graph,G-58c393589490,RAW_ONLY,0.816667,0.0,True,False,True,1.5814,0.9,
TEST-DFS-GRAPH-01-INDEPENDENT,test,INDEPENDENT,TEST-DFS-GRAPH-01,python,INDEPENDENT_SOLUTION,dfs_graph,G-58c393589490,RAW_ONLY,0.179775,0.0,True,False,True,1.5393,1.0,
TEST-DP-VARIANT-01-NATURAL,test,NATURAL_SIMILAR,TEST-DP-VARIANT-01,python,NATURAL_TEMPLATE,dp_variant,G-1bc17e655062,RAW_ONLY,0.636364,0.0,True,False,True,1.1366,0.9,
TEST-DP-VARIANT-01-INDEPENDENT,test,INDEPENDENT,TEST-DP-VARIANT-01,python,INDEPENDENT_SOLUTION,dp_variant,G-1bc17e655062,RAW_ONLY,0.072289,0.0,True,False,True,1.4081,0.9,
SEED-TEST-01-SIMPLE-IO-02-INDEPENDENT_SOLUTION,test,INDEPENDENT,SEED-TEST-01-SIMPLE-IO,java,INDEPENDENT_SOLUTION,simple_io,G-6bee25961fdf,RAW_ONLY,0.368421,0.0,True,False,True,0.9202,1.0,
SEED-TEST-02-ARRAY-LOOP-01-NATURAL_TEMPLATE,test,NATURAL_SIMILAR,SEED-TEST-02-ARRAY-LOOP,python,NATURAL_TEMPLATE,array_loop,G-a6ec091a67b7,RAW_ONLY,1.0,0.0,True,False,True,0.8225,0.9,
SEED-TEST-04-STRING-PROCESSING-03-COMMON_STRUCTURE,test,INDEPENDENT,SEED-TEST-04-STRING-PROCESSING,python,COMMON_STRUCTURE,string_processing,G-309c6f7637ad,RAW_ONLY,0.022727,0.0,True,False,True,0.8286,0.9,
SEED-TEST-05-DFS-GRAPH-03-NATURAL_TEMPLATE,test,NATURAL_SIMILAR,SEED-TEST-05-DFS-GRAPH,python,NATURAL_TEMPLATE,dfs_graph,G-0aa256ed50ef,RAW_ONLY,0.9375,0.0,True,False,True,1.8121,0.8,
SEED-TEST-06-BFS-GRAPH-02-COMMON_STRUCTURE,test,INDEPENDENT,SEED-TEST-06-BFS-GRAPH,python,COMMON_STRUCTURE,bfs_graph,G-c4feb47ceaf4,RAW_ONLY,0.0,0.0,True,False,True,1.2689,1.0,
SEED-TEST-07-DP-VARIANT-03-INDEPENDENT_SOLUTION,test,INDEPENDENT,SEED-TEST-07-DP-VARIANT,python,INDEPENDENT_SOLUTION,dp_variant,G-8ead3e4ae352,RAW_ONLY,0.089552,0.0,True,False,False,1.0047,0.9,Scope normalization is unavailable; weighted analysis fell back to raw tokens.
TEST-SORT-TEMPLATE-01-NATURAL,test,NATURAL_SIMILAR,TEST-SORT-TEMPLATE-01,python,NATURAL_TEMPLATE,sort_template,G-1df5b9b2b1b6,AST_ONLY,0.919355,0.7,True,False,True,2.1706,3.1,
TEST-DFS-GRAPH-01-NATURAL,test,NATURAL_SIMILAR,TEST-DFS-GRAPH-01,python,NATURAL_TEMPLATE,dfs_graph,G-58c393589490,AST_ONLY,0.875,0.7,True,False,True,1.5814,1.8,
TEST-DP-VARIANT-01-NATURAL,test,NATURAL_SIMILAR,TEST-DP-VARIANT-01,python,NATURAL_TEMPLATE,dp_variant,G-1bc17e655062,AST_ONLY,0.741935,0.7,True,False,True,1.1366,1.2,
SEED-TEST-01-SIMPLE-IO-01-HUMAN_REWRITE,test,SUSPICIOUS,SEED-TEST-01-SIMPLE-IO,python,HUMAN_REWRITE,simple_io,G-6bee25961fdf,AST_ONLY,0.107143,0.7,False,False,True,0.6431,0.8,
SEED-TEST-02-ARRAY-LOOP-01-NATURAL_TEMPLATE,test,NATURAL_SIMILAR,SEED-TEST-02-ARRAY-LOOP,python,NATURAL_TEMPLATE,array_loop,G-a6ec091a67b7,AST_ONLY,1.0,0.7,True,False,True,0.8225,1.0,
SEED-TEST-02-ARRAY-LOOP-03-UNSUPPORTED_SYNTAX,test,TRANSFORMED,SEED-TEST-02-ARRAY-LOOP,python,UNSUPPORTED_SYNTAX,array_loop,G-a6ec091a67b7,AST_ONLY,0.641026,0.7,False,False,False,0.7887,1.1,Scope normalization is unavailable; weighted analysis fell back to raw tokens.
SEED-TEST-05-DFS-GRAPH-02-HUMAN_REWRITE,test,SUSPICIOUS,SEED-TEST-05-DFS-GRAPH,python,HUMAN_REWRITE,dfs_graph,G-0aa256ed50ef,AST_ONLY,0.118421,0.7,False,False,False,1.3809,0.9,Scope normalization is unavailable; weighted analysis fell back to raw tokens.
SEED-TEST-05-DFS-GRAPH-03-NATURAL_TEMPLATE,test,NATURAL_SIMILAR,SEED-TEST-05-DFS-GRAPH,python,NATURAL_TEMPLATE,dfs_graph,G-0aa256ed50ef,AST_ONLY,1.0,0.7,True,False,True,1.8121,0.8,
SEED-TEST-01-SIMPLE-IO-01-HUMAN_REWRITE,test,SUSPICIOUS,SEED-TEST-01-SIMPLE-IO,python,HUMAN_REWRITE,simple_io,G-6bee25961fdf,CANONICAL_ONLY,0.25,1.0,False,False,True,0.6431,0.9,
SEED-TEST-02-ARRAY-LOOP-01-NATURAL_TEMPLATE,test,NATURAL_SIMILAR,SEED-TEST-02-ARRAY-LOOP,python,NATURAL_TEMPLATE,array_loop,G-a6ec091a67b7,CANONICAL_ONLY,1.0,1.0,True,False,True,0.8225,1.0,
SEED-TEST-03-SORT-TEMPLATE-02-LOCAL_REORDER,test,TRANSFORMED,SEED-TEST-03-SORT-TEMPLATE,python,LOCAL_REORDER,sort_template,G-5a102d196ca4,CANONICAL_ONLY,0.909091,1.0,False,False,True,2.1007,0.8,
SEED-TEST-05-DFS-GRAPH-01-SPLIT_MERGE,test,TRANSFORMED,SEED-TEST-05-DFS-GRAPH,python,SPLIT_MERGE,dfs_graph,G-0aa256ed50ef,CANONICAL_ONLY,0.090164,1.0,False,False,True,1.9087,0.8,
SEED-TEST-08-SIMULATION-02-SPLIT_MERGE,test,TRANSFORMED,SEED-TEST-08-SIMULATION,python,SPLIT_MERGE,simulation,G-12846af3e054,CANONICAL_ONLY,0.098361,1.0,False,False,True,1.1275,0.9,
TEST-SIMPLE-IO-01-NATURAL,test,NATURAL_SIMILAR,TEST-SIMPLE-IO-01,python,NATURAL_TEMPLATE,simple_io,G-8b1eb27d8463,MAPPING_ONLY,1.0,0.2,True,False,True,0.5855,0.9,
TEST-SIMPLE-IO-01-INDEPENDENT,test,INDEPENDENT,TEST-SIMPLE-IO-01,python,INDEPENDENT_SOLUTION,simple_io,G-8b1eb27d8463,MAPPING_ONLY,0.75,0.2,True,False,True,0.6006,0.9,
TEST-ARRAY-LOOP-01-NATURAL,test,NATURAL_SIMILAR,TEST-ARRAY-LOOP-01,python,NATURAL_TEMPLATE,array_loop,G-d2407dbc1a72,MAPPING_ONLY,1.0,0.2,True,False,True,0.7981,0.9,
TEST-ARRAY-LOOP-01-INDEPENDENT,test,INDEPENDENT,TEST-ARRAY-LOOP-01,python,INDEPENDENT_SOLUTION,array_loop,G-d2407dbc1a72,MAPPING_ONLY,0.5,0.2,True,False,True,0.7543,0.8,
TEST-SORT-TEMPLATE-01-NATURAL,test,NATURAL_SIMILAR,TEST-SORT-TEMPLATE-01,python,NATURAL_TEMPLATE,sort_template,G-1df5b9b2b1b6,MAPPING_ONLY,1.0,0.2,True,False,True,2.1706,0.9,
TEST-SORT-TEMPLATE-01-INDEPENDENT,test,INDEPENDENT,TEST-SORT-TEMPLATE-01,python,INDEPENDENT_SOLUTION,sort_template,G-1df5b9b2b1b6,MAPPING_ONLY,0.333333,0.2,True,False,True,1.1775,1.0,
TEST-DFS-GRAPH-01-NATURAL,test,NATURAL_SIMILAR,TEST-DFS-GRAPH-01,python,NATURAL_TEMPLATE,dfs_graph,G-58c393589490,MAPPING_ONLY,1.0,0.2,True,False,True,1.5814,0.9,
TEST-DFS-GRAPH-01-INDEPENDENT,test,INDEPENDENT,TEST-DFS-GRAPH-01,python,INDEPENDENT_SOLUTION,dfs_graph,G-58c393589490,MAPPING_ONLY,0.5,0.2,True,False,True,1.5393,0.9,
TEST-DP-VARIANT-01-NATURAL,test,NATURAL_SIMILAR,TEST-DP-VARIANT-01,python,NATURAL_TEMPLATE,dp_variant,G-1bc17e655062,MAPPING_ONLY,1.0,0.2,True,False,True,1.1366,0.9,
TEST-DP-VARIANT-01-INDEPENDENT,test,INDEPENDENT,TEST-DP-VARIANT-01,python,INDEPENDENT_SOLUTION,dp_variant,G-1bc17e655062,MAPPING_ONLY,0.5,0.2,True,False,True,1.4081,0.9,
SEED-TEST-01-SIMPLE-IO-02-INDEPENDENT_SOLUTION,test,INDEPENDENT,SEED-TEST-01-SIMPLE-IO,java,INDEPENDENT_SOLUTION,simple_io,G-6bee25961fdf,MAPPING_ONLY,0.8,0.2,True,False,True,0.9202,0.9,
SEED-TEST-02-ARRAY-LOOP-01-NATURAL_TEMPLATE,test,NATURAL_SIMILAR,SEED-TEST-02-ARRAY-LOOP,python,NATURAL_TEMPLATE,array_loop,G-a6ec091a67b7,MAPPING_ONLY,1.0,0.2,True,False,True,0.8225,0.9,
SEED-TEST-04-STRING-PROCESSING-03-COMMON_STRUCTURE,test,INDEPENDENT,SEED-TEST-04-STRING-PROCESSING,python,COMMON_STRUCTURE,string_processing,G-309c6f7637ad,MAPPING_ONLY,1.0,0.2,True,False,True,0.8286,0.9,
SEED-TEST-05-DFS-GRAPH-03-NATURAL_TEMPLATE,test,NATURAL_SIMILAR,SEED-TEST-05-DFS-GRAPH,python,NATURAL_TEMPLATE,dfs_graph,G-0aa256ed50ef,MAPPING_ONLY,1.0,0.2,True,False,True,1.8121,0.9,
SEED-TEST-06-BFS-GRAPH-02-COMMON_STRUCTURE,test,INDEPENDENT,SEED-TEST-06-BFS-GRAPH,python,COMMON_STRUCTURE,bfs_graph,G-c4feb47ceaf4,MAPPING_ONLY,0.5,0.2,True,False,True,1.2689,0.9,
TEST-SIMPLE-IO-01-NATURAL,test,NATURAL_SIMILAR,TEST-SIMPLE-IO-01,python,NATURAL_TEMPLATE,simple_io,G-8b1eb27d8463,RAW_AST_EQUAL,0.6235295000000001,0.5,True,False,True,0.5855,1.2,
TEST-SORT-TEMPLATE-01-NATURAL,test,NATURAL_SIMILAR,TEST-SORT-TEMPLATE-01,python,NATURAL_TEMPLATE,sort_template,G-1df5b9b2b1b6,RAW_AST_EQUAL,0.90499,0.5,True,False,True,2.1706,1.0,
TEST-DFS-GRAPH-01-NATURAL,test,NATURAL_SIMILAR,TEST-DFS-GRAPH-01,python,NATURAL_TEMPLATE,dfs_graph,G-58c393589490,RAW_AST_EQUAL,0.8458335,0.5,True,False,True,1.5814,1.1,
TEST-DP-VARIANT-01-NATURAL,test,NATURAL_SIMILAR,TEST-DP-VARIANT-01,python,NATURAL_TEMPLATE,dp_variant,G-1bc17e655062,RAW_AST_EQUAL,0.6891495000000001,0.5,True,False,True,1.1366,1.1,
SEED-TEST-01-SIMPLE-IO-01-HUMAN_REWRITE,test,SUSPICIOUS,SEED-TEST-01-SIMPLE-IO,python,HUMAN_REWRITE,simple_io,G-6bee25961fdf,RAW_AST_EQUAL,0.1304945,0.5,False,False,True,0.6431,1.1,
SEED-TEST-02-ARRAY-LOOP-01-NATURAL_TEMPLATE,test,NATURAL_SIMILAR,SEED-TEST-02-ARRAY-LOOP,python,NATURAL_TEMPLATE,array_loop,G-a6ec091a67b7,RAW_AST_EQUAL,1.0,0.5,True,False,True,0.8225,1.1,
SEED-TEST-05-DFS-GRAPH-02-HUMAN_REWRITE,test,SUSPICIOUS,SEED-TEST-05-DFS-GRAPH,python,HUMAN_REWRITE,dfs_graph,G-0aa256ed50ef,RAW_AST_EQUAL,0.0592105,0.5,False,False,False,1.3809,1.2,Scope normalization is unavailable; weighted analysis fell back to raw tokens.
SEED-TEST-05-DFS-GRAPH-03-NATURAL_TEMPLATE,test,NATURAL_SIMILAR,SEED-TEST-05-DFS-GRAPH,python,NATURAL_TEMPLATE,dfs_graph,G-0aa256ed50ef,RAW_AST_EQUAL,0.96875,0.5,True,False,True,1.8121,1.1,
TEST-SIMPLE-IO-01-NATURAL,test,NATURAL_SIMILAR,TEST-SIMPLE-IO-01,python,NATURAL_TEMPLATE,simple_io,G-8b1eb27d8463,RAW_CANONICAL_EQUAL,0.647059,0.3,True,False,True,0.5855,1.1,
TEST-SIMPLE-IO-01-INDEPENDENT,test,INDEPENDENT,TEST-SIMPLE-IO-01,python,INDEPENDENT_SOLUTION,simple_io,G-8b1eb27d8463,RAW_CANONICAL_EQUAL,0.315789,0.3,True,False,True,0.6006,1.3,
TEST-ARRAY-LOOP-01-NATURAL,test,NATURAL_SIMILAR,TEST-ARRAY-LOOP-01,python,NATURAL_TEMPLATE,array_loop,G-d2407dbc1a72,RAW_CANONICAL_EQUAL,0.451613,0.3,True,False,True,0.7981,1.1,
TEST-SORT-TEMPLATE-01-NATURAL,test,NATURAL_SIMILAR,TEST-SORT-TEMPLATE-01,python,NATURAL_TEMPLATE,sort_template,G-1df5b9b2b1b6,RAW_CANONICAL_EQUAL,0.890625,0.3,True,False,True,2.1706,1.2,
TEST-DFS-GRAPH-01-NATURAL,test,NATURAL_SIMILAR,TEST-DFS-GRAPH-01,python,NATURAL_TEMPLATE,dfs_graph,G-58c393589490,RAW_CANONICAL_EQUAL,0.816667,0.3,True,False,True,1.5814,1.2,
TEST-DP-VARIANT-01-NATURAL,test,NATURAL_SIMILAR,TEST-DP-VARIANT-01,python,NATURAL_TEMPLATE,dp_variant,G-1bc17e655062,RAW_CANONICAL_EQUAL,0.636364,0.3,True,False,True,1.1366,1.1,
SEED-TEST-01-SIMPLE-IO-01-HUMAN_REWRITE,test,SUSPICIOUS,SEED-TEST-01-SIMPLE-IO,python,HUMAN_REWRITE,simple_io,G-6bee25961fdf,RAW_CANONICAL_EQUAL,0.20192300000000002,0.3,False,False,True,0.6431,1.1,
SEED-TEST-01-SIMPLE-IO-02-INDEPENDENT_SOLUTION,test,INDEPENDENT,SEED-TEST-01-SIMPLE-IO,java,INDEPENDENT_SOLUTION,simple_io,G-6bee25961fdf,RAW_CANONICAL_EQUAL,0.368421,0.3,True,False,True,0.9202,1.2,
SEED-TEST-02-ARRAY-LOOP-01-NATURAL_TEMPLATE,test,NATURAL_SIMILAR,SEED-TEST-02-ARRAY-LOOP,python,NATURAL_TEMPLATE,array_loop,G-a6ec091a67b7,RAW_CANONICAL_EQUAL,1.0,0.3,True,False,True,0.8225,1.1,
SEED-TEST-05-DFS-GRAPH-03-NATURAL_TEMPLATE,test,NATURAL_SIMILAR,SEED-TEST-05-DFS-GRAPH,python,NATURAL_TEMPLATE,dfs_graph,G-0aa256ed50ef,RAW_CANONICAL_EQUAL,0.9375,0.3,True,False,True,1.8121,1.2,
TEST-SIMPLE-IO-01-NATURAL,test,NATURAL_SIMILAR,TEST-SIMPLE-IO-01,python,NATURAL_TEMPLATE,simple_io,G-8b1eb27d8463,RAW_MAPPING_EQUAL,0.8235295,0.4,True,False,True,0.5855,1.2,
TEST-SIMPLE-IO-01-INDEPENDENT,test,INDEPENDENT,TEST-SIMPLE-IO-01,python,INDEPENDENT_SOLUTION,simple_io,G-8b1eb27d8463,RAW_MAPPING_EQUAL,0.5328945,0.4,True,False,True,0.6006,1.2,
TEST-ARRAY-LOOP-01-NATURAL,test,NATURAL_SIMILAR,TEST-ARRAY-LOOP-01,python,NATURAL_TEMPLATE,array_loop,G-d2407dbc1a72,RAW_MAPPING_EQUAL,0.7258065,0.4,True,False,True,0.7981,1.2,
TEST-SORT-TEMPLATE-01-NATURAL,test,NATURAL_SIMILAR,TEST-SORT-TEMPLATE-01,python,NATURAL_TEMPLATE,sort_template,G-1df5b9b2b1b6,RAW_MAPPING_EQUAL,0.9453125,0.4,True,False,True,2.1706,1.1,
TEST-DFS-GRAPH-01-NATURAL,test,NATURAL_SIMILAR,TEST-DFS-GRAPH-01,python,NATURAL_TEMPLATE,dfs_graph,G-58c393589490,RAW_MAPPING_EQUAL,0.9083335,0.4,True,False,True,1.5814,1.2,
TEST-DP-VARIANT-01-NATURAL,test,NATURAL_SIMILAR,TEST-DP-VARIANT-01,python,NATURAL_TEMPLATE,dp_variant,G-1bc17e655062,RAW_MAPPING_EQUAL,0.818182,0.4,True,False,True,1.1366,1.1,
SEED-TEST-01-SIMPLE-IO-02-INDEPENDENT_SOLUTION,test,INDEPENDENT,SEED-TEST-01-SIMPLE-IO,java,INDEPENDENT_SOLUTION,simple_io,G-6bee25961fdf,RAW_MAPPING_EQUAL,0.5842105,0.4,True,False,True,0.9202,1.2,
SEED-TEST-02-ARRAY-LOOP-01-NATURAL_TEMPLATE,test,NATURAL_SIMILAR,SEED-TEST-02-ARRAY-LOOP,python,NATURAL_TEMPLATE,array_loop,G-a6ec091a67b7,RAW_MAPPING_EQUAL,1.0,0.4,True,False,True,0.8225,1.1,
SEED-TEST-04-STRING-PROCESSING-03-COMMON_STRUCTURE,test,INDEPENDENT,SEED-TEST-04-STRING-PROCESSING,python,COMMON_STRUCTURE,string_processing,G-309c6f7637ad,RAW_MAPPING_EQUAL,0.5113635,0.4,True,False,True,0.8286,1.1,
SEED-TEST-05-DFS-GRAPH-03-NATURAL_TEMPLATE,test,NATURAL_SIMILAR,SEED-TEST-05-DFS-GRAPH,python,NATURAL_TEMPLATE,dfs_graph,G-0aa256ed50ef,RAW_MAPPING_EQUAL,0.96875,0.4,True,False,True,1.8121,1.1,
SEED-TEST-01-SIMPLE-IO-01-HUMAN_REWRITE,test,SUSPICIOUS,SEED-TEST-01-SIMPLE-IO,python,HUMAN_REWRITE,simple_io,G-6bee25961fdf,AST_CANONICAL_EQUAL,0.1785715,1.0,False,False,True,0.6431,1.2,
SEED-TEST-02-ARRAY-LOOP-01-NATURAL_TEMPLATE,test,NATURAL_SIMILAR,SEED-TEST-02-ARRAY-LOOP,python,NATURAL_TEMPLATE,array_loop,G-a6ec091a67b7,AST_CANONICAL_EQUAL,1.0,1.0,True,False,True,0.8225,1.1,
SEED-TEST-03-SORT-TEMPLATE-02-LOCAL_REORDER,test,TRANSFORMED,SEED-TEST-03-SORT-TEMPLATE,python,LOCAL_REORDER,sort_template,G-5a102d196ca4,AST_CANONICAL_EQUAL,0.9030750000000001,1.0,False,False,True,2.1007,1.2,
SEED-TEST-05-DFS-GRAPH-01-SPLIT_MERGE,test,TRANSFORMED,SEED-TEST-05-DFS-GRAPH,python,SPLIT_MERGE,dfs_graph,G-0aa256ed50ef,AST_CANONICAL_EQUAL,0.482582,1.0,False,False,True,1.9087,1.1,
SEED-TEST-08-SIMULATION-02-SPLIT_MERGE,test,TRANSFORMED,SEED-TEST-08-SIMULATION,python,SPLIT_MERGE,simulation,G-12846af3e054,AST_CANONICAL_EQUAL,0.43013300000000004,1.0,False,False,True,1.1275,1.2,
TEST-SIMPLE-IO-01-NATURAL,test,NATURAL_SIMILAR,TEST-SIMPLE-IO-01,python,NATURAL_TEMPLATE,simple_io,G-8b1eb27d8463,AST_MAPPING_EQUAL,0.8,0.5,True,False,True,0.5855,1.1,
TEST-ARRAY-LOOP-01-NATURAL,test,NATURAL_SIMILAR,TEST-ARRAY-LOOP-01,python,NATURAL_TEMPLATE,array_loop,G-d2407dbc1a72,AST_MAPPING_EQUAL,0.7297295,0.5,True,False,True,0.7981,1.2,
TEST-SORT-TEMPLATE-01-NATURAL,test,NATURAL_SIMILAR,TEST-SORT-TEMPLATE-01,python,NATURAL_TEMPLATE,sort_template,G-1df5b9b2b1b6,AST_MAPPING_EQUAL,0.9596775,0.5,True,False,True,2.1706,1.1,
TEST-DFS-GRAPH-01-NATURAL,test,NATURAL_SIMILAR,TEST-DFS-GRAPH-01,python,NATURAL_TEMPLATE,dfs_graph,G-58c393589490,AST_MAPPING_EQUAL,0.9375,0.5,True,False,True,1.5814,1.2,
TEST-DP-VARIANT-01-NATURAL,test,NATURAL_SIMILAR,TEST-DP-VARIANT-01,python,NATURAL_TEMPLATE,dp_variant,G-1bc17e655062,AST_MAPPING_EQUAL,0.8709675,0.5,True,False,True,1.1366,1.1,
SEED-TEST-01-SIMPLE-IO-01-HUMAN_REWRITE,test,SUSPICIOUS,SEED-TEST-01-SIMPLE-IO,python,HUMAN_REWRITE,simple_io,G-6bee25961fdf,AST_MAPPING_EQUAL,0.4285715,0.5,False,False,True,0.6431,1.2,
SEED-TEST-02-ARRAY-LOOP-01-NATURAL_TEMPLATE,test,NATURAL_SIMILAR,SEED-TEST-02-ARRAY-LOOP,python,NATURAL_TEMPLATE,array_loop,G-a6ec091a67b7,AST_MAPPING_EQUAL,1.0,0.5,True,False,True,0.8225,1.1,
SEED-TEST-04-STRING-PROCESSING-03-COMMON_STRUCTURE,test,INDEPENDENT,SEED-TEST-04-STRING-PROCESSING,python,COMMON_STRUCTURE,string_processing,G-309c6f7637ad,AST_MAPPING_EQUAL,0.757576,0.5,True,False,True,0.8286,1.1,
SEED-TEST-05-DFS-GRAPH-03-NATURAL_TEMPLATE,test,NATURAL_SIMILAR,SEED-TEST-05-DFS-GRAPH,python,NATURAL_TEMPLATE,dfs_graph,G-0aa256ed50ef,AST_MAPPING_EQUAL,1.0,0.5,True,False,True,1.8121,1.2,
SEED-TEST-01-SIMPLE-IO-01-HUMAN_REWRITE,test,SUSPICIOUS,SEED-TEST-01-SIMPLE-IO,python,HUMAN_REWRITE,simple_io,G-6bee25961fdf,CANONICAL_MAPPING_EQUAL,0.5,1.0,False,False,True,0.6431,1.0,
SEED-TEST-02-ARRAY-LOOP-01-NATURAL_TEMPLATE,test,NATURAL_SIMILAR,SEED-TEST-02-ARRAY-LOOP,python,NATURAL_TEMPLATE,array_loop,G-a6ec091a67b7,CANONICAL_MAPPING_EQUAL,1.0,1.0,True,False,True,0.8225,1.1,
SEED-TEST-03-SORT-TEMPLATE-02-LOCAL_REORDER,test,TRANSFORMED,SEED-TEST-03-SORT-TEMPLATE,python,LOCAL_REORDER,sort_template,G-5a102d196ca4,CANONICAL_MAPPING_EQUAL,0.8295455,1.0,False,False,True,2.1007,1.1,
SEED-TEST-05-DFS-GRAPH-01-SPLIT_MERGE,test,TRANSFORMED,SEED-TEST-05-DFS-GRAPH,python,SPLIT_MERGE,dfs_graph,G-0aa256ed50ef,CANONICAL_MAPPING_EQUAL,0.145082,1.0,False,False,True,1.9087,1.1,
SEED-TEST-08-SIMULATION-02-SPLIT_MERGE,test,TRANSFORMED,SEED-TEST-08-SIMULATION,python,SPLIT_MERGE,simulation,G-12846af3e054,CANONICAL_MAPPING_EQUAL,0.215847,1.0,False,False,True,1.1275,1.2,
TEST-SIMPLE-IO-01-NATURAL,test,NATURAL_SIMILAR,TEST-SIMPLE-IO-01,python,NATURAL_TEMPLATE,simple_io,G-8b1eb27d8463,ALL_EQUAL,0.7235295,0.4,True,False,True,0.5855,1.6,
TEST-ARRAY-LOOP-01-NATURAL,test,NATURAL_SIMILAR,TEST-ARRAY-LOOP-01,python,NATURAL_TEMPLATE,array_loop,G-d2407dbc1a72,ALL_EQUAL,0.59067125,0.4,True,False,True,0.7981,1.7,
TEST-SORT-TEMPLATE-01-NATURAL,test,NATURAL_SIMILAR,TEST-SORT-TEMPLATE-01,python,NATURAL_TEMPLATE,sort_template,G-1df5b9b2b1b6,ALL_EQUAL,0.92515125,0.4,True,False,True,2.1706,1.8,
TEST-DFS-GRAPH-01-NATURAL,test,NATURAL_SIMILAR,TEST-DFS-GRAPH-01,python,NATURAL_TEMPLATE,dfs_graph,G-58c393589490,ALL_EQUAL,0.8770835,0.4,True,False,True,1.5814,1.7,
TEST-DP-VARIANT-01-NATURAL,test,NATURAL_SIMILAR,TEST-DP-VARIANT-01,python,NATURAL_TEMPLATE,dp_variant,G-1bc17e655062,ALL_EQUAL,0.75366575,0.4,True,False,True,1.1366,1.6,
SEED-TEST-01-SIMPLE-IO-01-HUMAN_REWRITE,test,SUSPICIOUS,SEED-TEST-01-SIMPLE-IO,python,HUMAN_REWRITE,simple_io,G-6bee25961fdf,ALL_EQUAL,0.31524725,0.4,False,False,True,0.6431,1.7,
SEED-TEST-02-ARRAY-LOOP-01-NATURAL_TEMPLATE,test,NATURAL_SIMILAR,SEED-TEST-02-ARRAY-LOOP,python,NATURAL_TEMPLATE,array_loop,G-a6ec091a67b7,ALL_EQUAL,1.0,0.4,True,False,True,0.8225,1.6,
SEED-TEST-04-STRING-PROCESSING-03-COMMON_STRUCTURE,test,INDEPENDENT,SEED-TEST-04-STRING-PROCESSING,python,COMMON_STRUCTURE,string_processing,G-309c6f7637ad,ALL_EQUAL,0.50946975,0.4,True,False,True,0.8286,1.7,
SEED-TEST-05-DFS-GRAPH-03-NATURAL_TEMPLATE,test,NATURAL_SIMILAR,SEED-TEST-05-DFS-GRAPH,python,NATURAL_TEMPLATE,dfs_graph,G-0aa256ed50ef,ALL_EQUAL,0.96875,0.4,True,False,True,1.8121,1.6,
TEST-SIMPLE-IO-01-NATURAL,test,NATURAL_SIMILAR,TEST-SIMPLE-IO-01,python,NATURAL_TEMPLATE,simple_io,G-8b1eb27d8463,PICAS_FIXED,0.690588,0.3,True,False,True,0.5855,0.4,
TEST-SIMPLE-IO-01-INDEPENDENT,test,INDEPENDENT,TEST-SIMPLE-IO-01,python,INDEPENDENT_SOLUTION,simple_io,G-8b1eb27d8463,PICAS_FIXED,0.341763,0.3,True,False,True,0.6006,0.3,
TEST-ARRAY-LOOP-01-NATURAL,test,NATURAL_SIMILAR,TEST-ARRAY-LOOP-01,python,NATURAL_TEMPLATE,array_loop,G-d2407dbc1a72,PICAS_FIXED,0.53544,0.3,True,False,True,0.7981,0.3,
TEST-SORT-TEMPLATE-01-NATURAL,test,NATURAL_SIMILAR,TEST-SORT-TEMPLATE-01,python,NATURAL_TEMPLATE,sort_template,G-1df5b9b2b1b6,PICAS_FIXED,0.912777,0.3,True,False,True,2.1706,0.3,
TEST-DFS-GRAPH-01-NATURAL,test,NATURAL_SIMILAR,TEST-DFS-GRAPH-01,python,NATURAL_TEMPLATE,dfs_graph,G-58c393589490,PICAS_FIXED,0.855833,0.3,True,False,True,1.5814,0.3,
TEST-DP-VARIANT-01-NATURAL,test,NATURAL_SIMILAR,TEST-DP-VARIANT-01,python,NATURAL_TEMPLATE,dp_variant,G-1bc17e655062,PICAS_FIXED,0.712023,0.3,True,False,True,1.1366,0.3,
SEED-TEST-01-SIMPLE-IO-01-HUMAN_REWRITE,test,SUSPICIOUS,SEED-TEST-01-SIMPLE-IO,python,HUMAN_REWRITE,simple_io,G-6bee25961fdf,PICAS_FIXED,0.277198,0.3,False,False,True,0.6431,0.4,
SEED-TEST-01-SIMPLE-IO-02-INDEPENDENT_SOLUTION,test,INDEPENDENT,SEED-TEST-01-SIMPLE-IO,java,INDEPENDENT_SOLUTION,simple_io,G-6bee25961fdf,PICAS_FIXED,0.359474,0.3,True,False,True,0.9202,0.4,
SEED-TEST-02-ARRAY-LOOP-01-NATURAL_TEMPLATE,test,NATURAL_SIMILAR,SEED-TEST-02-ARRAY-LOOP,python,NATURAL_TEMPLATE,array_loop,G-a6ec091a67b7,PICAS_FIXED,1.0,0.3,True,False,True,0.8225,0.4,
SEED-TEST-04-STRING-PROCESSING-03-COMMON_STRUCTURE,test,INDEPENDENT,SEED-TEST-04-STRING-PROCESSING,python,COMMON_STRUCTURE,string_processing,G-309c6f7637ad,PICAS_FIXED,0.482576,0.3,True,False,True,0.8286,0.4,
SEED-TEST-05-DFS-GRAPH-02-HUMAN_REWRITE,test,SUSPICIOUS,SEED-TEST-05-DFS-GRAPH,python,HUMAN_REWRITE,dfs_graph,G-0aa256ed50ef,PICAS_FIXED,0.0,0.3,False,False,False,1.3809,0.4,Scope normalization is unavailable; weighted analysis fell back to raw tokens.
SEED-TEST-05-DFS-GRAPH-03-NATURAL_TEMPLATE,test,NATURAL_SIMILAR,SEED-TEST-05-DFS-GRAPH,python,NATURAL_TEMPLATE,dfs_graph,G-0aa256ed50ef,PICAS_FIXED,0.959375,0.3,True,False,True,1.8121,0.4,
TEST-SIMPLE-IO-01-RENAME,test,TRANSFORMED,TEST-SIMPLE-IO-01,python,PARAMETER_RENAME,simple_io,G-8b1eb27d8463,PICAS_RULE_DYNAMIC,0.808,0.851498,False,False,True,0.5562,0.4,
TEST-SIMPLE-IO-01-SUSPICIOUS-FORMAT,test,SUSPICIOUS,TEST-SIMPLE-IO-01,python,FORMAT_COMMENT_CHANGE,simple_io,G-8b1eb27d8463,PICAS_RULE_DYNAMIC,0.808,0.851498,False,False,True,0.5582,0.4,
TEST-SORT-TEMPLATE-01-NATURAL,test,NATURAL_SIMILAR,TEST-SORT-TEMPLATE-01,python,NATURAL_TEMPLATE,sort_template,G-1df5b9b2b1b6,PICAS_RULE_DYNAMIC,0.912777,0.806648,True,False,True,2.1706,0.4,
TEST-DFS-GRAPH-01-NATURAL,test,NATURAL_SIMILAR,TEST-DFS-GRAPH-01,python,NATURAL_TEMPLATE,dfs_graph,G-58c393589490,PICAS_RULE_DYNAMIC,0.855833,0.758878,True,False,True,1.5814,0.3,
TEST-DP-VARIANT-01-RENAME,test,TRANSFORMED,TEST-DP-VARIANT-01,python,VARIABLE_RENAME,dp_variant,G-1bc17e655062,PICAS_RULE_DYNAMIC,0.809231,0.813468,False,False,True,1.1512,0.3,
TEST-DP-VARIANT-01-SUSPICIOUS-FORMAT,test,SUSPICIOUS,TEST-DP-VARIANT-01,python,FORMAT_COMMENT_CHANGE,dp_variant,G-1bc17e655062,PICAS_RULE_DYNAMIC,0.809231,0.813468,False,False,True,1.1386,0.4,
SEED-TEST-01-SIMPLE-IO-01-HUMAN_REWRITE,test,SUSPICIOUS,SEED-TEST-01-SIMPLE-IO,python,HUMAN_REWRITE,simple_io,G-6bee25961fdf,PICAS_RULE_DYNAMIC,0.277198,0.831283,False,False,True,0.6431,0.4,
SEED-TEST-02-ARRAY-LOOP-01-NATURAL_TEMPLATE,test,NATURAL_SIMILAR,SEED-TEST-02-ARRAY-LOOP,python,NATURAL_TEMPLATE,array_loop,G-a6ec091a67b7,PICAS_RULE_DYNAMIC,1.0,0.824366,True,False,True,0.8225,0.3,
SEED-TEST-02-ARRAY-LOOP-02-VARIABLE_RENAME,test,TRANSFORMED,SEED-TEST-02-ARRAY-LOOP,python,VARIABLE_RENAME,array_loop,G-a6ec091a67b7,PICAS_RULE_DYNAMIC,0.814634,0.824366,False,False,True,0.7963,0.3,
SEED-TEST-02-ARRAY-LOOP-03-UNSUPPORTED_SYNTAX,test,TRANSFORMED,SEED-TEST-02-ARRAY-LOOP,python,UNSUPPORTED_SYNTAX,array_loop,G-a6ec091a67b7,PICAS_RULE_DYNAMIC,0.647059,0.824366,False,False,False,0.7887,0.3,Scope normalization is unavailable; weighted analysis fell back to raw tokens.
SEED-TEST-05-DFS-GRAPH-01-SPLIT_MERGE,test,TRANSFORMED,SEED-TEST-05-DFS-GRAPH,python,SPLIT_MERGE,dfs_graph,G-0aa256ed50ef,PICAS_RULE_DYNAMIC,0.409957,0.820007,False,False,True,1.9087,0.4,
SEED-TEST-05-DFS-GRAPH-02-HUMAN_REWRITE,test,SUSPICIOUS,SEED-TEST-05-DFS-GRAPH,python,HUMAN_REWRITE,dfs_graph,G-0aa256ed50ef,PICAS_RULE_DYNAMIC,0.0,0.820007,False,False,False,1.3809,0.3,Scope normalization is unavailable; weighted analysis fell back to raw tokens.
SEED-TEST-05-DFS-GRAPH-03-NATURAL_TEMPLATE,test,NATURAL_SIMILAR,SEED-TEST-05-DFS-GRAPH,python,NATURAL_TEMPLATE,dfs_graph,G-0aa256ed50ef,PICAS_RULE_DYNAMIC,0.959375,0.820007,True,False,True,1.8121,0.3,
SEED-TEST-08-SIMULATION-02-SPLIT_MERGE,test,TRANSFORMED,SEED-TEST-08-SIMULATION,python,SPLIT_MERGE,simulation,G-12846af3e054,PICAS_RULE_DYNAMIC,0.381643,0.831155,False,False,True,1.1275,0.4,
TEST-SORT-TEMPLATE-01-NATURAL,test,NATURAL_SIMILAR,TEST-SORT-TEMPLATE-01,python,NATURAL_TEMPLATE,sort_template,G-1df5b9b2b1b6,PICAS_DYNAMIC_OFFSET,0.912777,0.706648,True,False,True,2.1706,0.3,
TEST-DFS-GRAPH-01-NATURAL,test,NATURAL_SIMILAR,TEST-DFS-GRAPH-01,python,NATURAL_TEMPLATE,dfs_graph,G-58c393589490,PICAS_DYNAMIC_OFFSET,0.855833,0.6588780000000001,True,False,True,1.5814,0.3,
SEED-TEST-01-SIMPLE-IO-01-HUMAN_REWRITE,test,SUSPICIOUS,SEED-TEST-01-SIMPLE-IO,python,HUMAN_REWRITE,simple_io,G-6bee25961fdf,PICAS_DYNAMIC_OFFSET,0.277198,0.731283,False,False,True,0.6431,0.3,
SEED-TEST-02-ARRAY-LOOP-01-NATURAL_TEMPLATE,test,NATURAL_SIMILAR,SEED-TEST-02-ARRAY-LOOP,python,NATURAL_TEMPLATE,array_loop,G-a6ec091a67b7,PICAS_DYNAMIC_OFFSET,1.0,0.7243660000000001,True,False,True,0.8225,0.4,
SEED-TEST-02-ARRAY-LOOP-03-UNSUPPORTED_SYNTAX,test,TRANSFORMED,SEED-TEST-02-ARRAY-LOOP,python,UNSUPPORTED_SYNTAX,array_loop,G-a6ec091a67b7,PICAS_DYNAMIC_OFFSET,0.647059,0.7243660000000001,False,False,False,0.7887,0.3,Scope normalization is unavailable; weighted analysis fell back to raw tokens.
SEED-TEST-05-DFS-GRAPH-01-SPLIT_MERGE,test,TRANSFORMED,SEED-TEST-05-DFS-GRAPH,python,SPLIT_MERGE,dfs_graph,G-0aa256ed50ef,PICAS_DYNAMIC_OFFSET,0.409957,0.7200070000000001,False,False,True,1.9087,0.3,
SEED-TEST-05-DFS-GRAPH-02-HUMAN_REWRITE,test,SUSPICIOUS,SEED-TEST-05-DFS-GRAPH,python,HUMAN_REWRITE,dfs_graph,G-0aa256ed50ef,PICAS_DYNAMIC_OFFSET,0.0,0.7200070000000001,False,False,False,1.3809,0.4,Scope normalization is unavailable; weighted analysis fell back to raw tokens.
SEED-TEST-05-DFS-GRAPH-03-NATURAL_TEMPLATE,test,NATURAL_SIMILAR,SEED-TEST-05-DFS-GRAPH,python,NATURAL_TEMPLATE,dfs_graph,G-0aa256ed50ef,PICAS_DYNAMIC_OFFSET,0.959375,0.7200070000000001,True,False,True,1.8121,0.3,
SEED-TEST-08-SIMULATION-02-SPLIT_MERGE,test,TRANSFORMED,SEED-TEST-08-SIMULATION,python,SPLIT_MERGE,simulation,G-12846af3e054,PICAS_DYNAMIC_OFFSET,0.381643,0.731155,False,False,True,1.1275,0.3,
