method,scope,split,threshold_status,parameter,n_ranked,n,tp,fp,tn,fn,precision,recall,f1,fpr,natural_n,natural_fpr,pr_auc_ap_score,pr_auc_ap_margin,target_validation_fpr,validation_negatives
RAW_ONLY,COMMON,validation,VALIDATION_SELECTED,0.0,32,32,17,15,0,0,0.53125,1.0,0.6938775510204082,1.0,7,1.0,0.6183952242734447,0.6183952242734447,,
RAW_ONLY,COMMON,test,VALIDATION_SELECTED,0.0,36,36,21,15,0,0,0.5833333333333334,1.0,0.7368421052631579,1.0,7,1.0,0.6133723351787115,0.6133723351787115,,
RAW_ONLY,AVAILABLE,validation,VALIDATION_SELECTED,0.0,35,35,19,16,0,0,0.5428571428571428,1.0,0.7037037037037037,1.0,7,1.0,0.6222099130225275,0.6222099130225275,,
RAW_ONLY,AVAILABLE,test,VALIDATION_SELECTED,0.0,40,40,24,16,0,0,0.6,1.0,0.75,1.0,7,1.0,0.6307830348886385,0.6307830348886385,,
RAW_ONLY,COMMON_LOW_FPR,test,VALIDATION_SELECTED,1.0,36,36,3,1,14,18,0.75,0.14285714285714285,0.24,0.06666666666666667,7,0.14285714285714285,,,0.05,15
AST_ONLY,COMMON,validation,VALIDATION_SELECTED,0.7,32,32,16,5,10,1,0.7619047619047619,0.9411764705882353,0.8421052631578947,0.3333333333333333,7,0.7142857142857143,0.8205248017679723,0.8205248017679723,,
AST_ONLY,COMMON,test,VALIDATION_SELECTED,0.7,36,36,20,5,10,1,0.8,0.9523809523809523,0.8695652173913043,0.3333333333333333,7,0.7142857142857143,0.873558881981473,0.873558881981473,,
AST_ONLY,AVAILABLE,validation,VALIDATION_SELECTED,0.7,35,35,16,5,11,3,0.7619047619047619,0.8421052631578947,0.8,0.3125,7,0.7142857142857143,0.8070134760863131,0.8070134760863131,,
AST_ONLY,AVAILABLE,test,VALIDATION_SELECTED,0.7,40,40,21,5,11,3,0.8076923076923077,0.875,0.84,0.3125,7,0.7142857142857143,0.8597960352746776,0.8597960352746776,,
AST_ONLY,COMMON_LOW_FPR,test,VALIDATION_SELECTED,1.000001,36,36,0,0,15,21,,0.0,0.0,0.0,7,0.0,,,0.05,15
CANONICAL_ONLY,COMMON,validation,VALIDATION_SELECTED,1.0,32,32,12,0,15,5,1.0,0.7058823529411765,0.8275862068965517,0.0,7,0.0,0.9073731840826992,0.9073731840826992,,
CANONICAL_ONLY,COMMON,test,VALIDATION_SELECTED,1.0,36,36,17,1,14,4,0.9444444444444444,0.8095238095238095,0.8717948717948718,0.06666666666666667,7,0.14285714285714285,0.899631090287375,0.899631090287375,,
CANONICAL_ONLY,AVAILABLE,validation,VALIDATION_SELECTED,1.0,32,32,12,0,15,5,1.0,0.7058823529411765,0.8275862068965517,0.0,7,0.0,0.9073731840826992,0.9073731840826992,,
CANONICAL_ONLY,AVAILABLE,test,VALIDATION_SELECTED,1.0,36,36,17,1,14,4,0.9444444444444444,0.8095238095238095,0.8717948717948718,0.06666666666666667,7,0.14285714285714285,0.899631090287375,0.899631090287375,,
CANONICAL_ONLY,COMMON_LOW_FPR,test,VALIDATION_SELECTED,1.0,36,36,17,1,14,4,0.9444444444444444,0.8095238095238095,0.8717948717948718,0.06666666666666667,7,0.14285714285714285,,,0.05,15
MAPPING_ONLY,COMMON,validation,VALIDATION_SELECTED,0.2,32,32,17,15,0,0,0.53125,1.0,0.6938775510204082,1.0,7,1.0,0.6064189470355205,0.6064189470355205,,
MAPPING_ONLY,COMMON,test,VALIDATION_SELECTED,0.2,36,36,21,15,0,0,0.5833333333333334,1.0,0.7368421052631579,1.0,7,1.0,0.6678622253499102,0.6678622253499102,,
MAPPING_ONLY,AVAILABLE,validation,VALIDATION_SELECTED,0.2,32,32,17,15,0,0,0.53125,1.0,0.6938775510204082,1.0,7,1.0,0.6064189470355205,0.6064189470355205,,
MAPPING_ONLY,AVAILABLE,test,VALIDATION_SELECTED,0.2,36,36,21,15,0,0,0.5833333333333334,1.0,0.7368421052631579,1.0,7,1.0,0.6678622253499102,0.6678622253499102,,
MAPPING_ONLY,COMMON_LOW_FPR,test,VALIDATION_SELECTED,1.000001,36,36,0,0,15,21,,0.0,0.0,0.0,7,0.0,,,0.05,15
RAW_AST_EQUAL,COMMON,validation,VALIDATION_SELECTED,0.5,32,32,16,6,9,1,0.7272727272727273,0.9411764705882353,0.8205128205128205,0.4,7,0.8571428571428571,0.6791673151864829,0.6791673151864829,,
RAW_AST_EQUAL,COMMON,test,VALIDATION_SELECTED,0.5,36,36,20,6,9,1,0.7692307692307693,0.9523809523809523,0.851063829787234,0.4,7,0.8571428571428571,0.7019688294898377,0.7019688294898377,,
RAW_AST_EQUAL,AVAILABLE,validation,VALIDATION_SELECTED,0.5,35,35,17,6,10,2,0.7391304347826086,0.8947368421052632,0.8095238095238095,0.375,7,0.8571428571428571,0.6780251398807944,0.6780251398807944,,
RAW_AST_EQUAL,AVAILABLE,test,VALIDATION_SELECTED,0.5,40,40,22,6,10,2,0.7857142857142857,0.9166666666666666,0.8461538461538461,0.375,7,0.8571428571428571,0.7091871913417966,0.7091871913417966,,
RAW_AST_EQUAL,COMMON_LOW_FPR,test,VALIDATION_SELECTED,1.0,36,36,3,1,14,18,0.75,0.14285714285714285,0.24,0.06666666666666667,7,0.14285714285714285,,,0.05,15
RAW_CANONICAL_EQUAL,COMMON,validation,VALIDATION_SELECTED,0.3,32,32,16,8,7,1,0.6666666666666666,0.9411764705882353,0.7804878048780488,0.5333333333333333,7,1.0,0.7094388765322129,0.7094388765322129,,
RAW_CANONICAL_EQUAL,COMMON,test,VALIDATION_SELECTED,0.3,36,36,20,9,6,1,0.6896551724137931,0.9523809523809523,0.8,0.6,7,1.0,0.6958884729084421,0.6958884729084421,,
RAW_CANONICAL_EQUAL,AVAILABLE,validation,VALIDATION_SELECTED,0.3,32,32,16,8,7,1,0.6666666666666666,0.9411764705882353,0.7804878048780488,0.5333333333333333,7,1.0,0.7094388765322129,0.7094388765322129,,
RAW_CANONICAL_EQUAL,AVAILABLE,test,VALIDATION_SELECTED,0.3,36,36,20,9,6,1,0.6896551724137931,0.9523809523809523,0.8,0.6,7,1.0,0.6958884729084421,0.6958884729084421,,
RAW_CANONICAL_EQUAL,COMMON_LOW_FPR,test,VALIDATION_SELECTED,1.0,36,36,3,1,14,18,0.75,0.14285714285714285,0.24,0.06666666666666667,7,0.14285714285714285,,,0.05,15
RAW_MAPPING_EQUAL,COMMON,validation,VALIDATION_SELECTED,0.4,32,32,16,8,7,1,0.6666666666666666,0.9411764705882353,0.7804878048780488,0.5333333333333333,7,1.0,0.6131703919228266,0.6131703919228266,,
RAW_MAPPING_EQUAL,COMMON,test,VALIDATION_SELECTED,0.4,36,36,21,10,5,0,0.6774193548387096,1.0,0.8076923076923077,0.6666666666666666,7,1.0,0.629577461797856,0.629577461797856,,
RAW_MAPPING_EQUAL,AVAILABLE,validation,VALIDATION_SELECTED,0.4,32,32,16,8,7,1,0.6666666666666666,0.9411764705882353,0.7804878048780488,0.5333333333333333,7,1.0,0.6131703919228266,0.6131703919228266,,
RAW_MAPPING_EQUAL,AVAILABLE,test,VALIDATION_SELECTED,0.4,36,36,21,10,5,0,0.6774193548387096,1.0,0.8076923076923077,0.6666666666666666,7,1.0,0.629577461797856,0.629577461797856,,
RAW_MAPPING_EQUAL,COMMON_LOW_FPR,test,VALIDATION_SELECTED,1.0,36,36,3,1,14,18,0.75,0.14285714285714285,0.24,0.06666666666666667,7,0.14285714285714285,,,0.05,15
AST_CANONICAL_EQUAL,COMMON,validation,VALIDATION_SELECTED,1.0,32,32,12,0,15,5,1.0,0.7058823529411765,0.8275862068965517,0.0,7,0.0,0.9108042087252634,0.9108042087252634,,
AST_CANONICAL_EQUAL,COMMON,test,VALIDATION_SELECTED,1.0,36,36,17,1,14,4,0.9444444444444444,0.8095238095238095,0.8717948717948718,0.06666666666666667,7,0.14285714285714285,0.9054287313215885,0.9054287313215885,,
AST_CANONICAL_EQUAL,AVAILABLE,validation,VALIDATION_SELECTED,1.0,32,32,12,0,15,5,1.0,0.7058823529411765,0.8275862068965517,0.0,7,0.0,0.9108042087252634,0.9108042087252634,,
AST_CANONICAL_EQUAL,AVAILABLE,test,VALIDATION_SELECTED,1.0,36,36,17,1,14,4,0.9444444444444444,0.8095238095238095,0.8717948717948718,0.06666666666666667,7,0.14285714285714285,0.9054287313215885,0.9054287313215885,,
AST_CANONICAL_EQUAL,COMMON_LOW_FPR,test,VALIDATION_SELECTED,1.0,36,36,17,1,14,4,0.9444444444444444,0.8095238095238095,0.8717948717948718,0.06666666666666667,7,0.14285714285714285,,,0.05,15
AST_MAPPING_EQUAL,COMMON,validation,VALIDATION_SELECTED,0.5,32,32,16,8,7,1,0.6666666666666666,0.9411764705882353,0.7804878048780488,0.5333333333333333,7,1.0,0.7987438333977235,0.7987438333977235,,
AST_MAPPING_EQUAL,COMMON,test,VALIDATION_SELECTED,0.5,36,36,20,8,7,1,0.7142857142857143,0.9523809523809523,0.8163265306122449,0.5333333333333333,7,1.0,0.8613592278223703,0.8613592278223703,,
AST_MAPPING_EQUAL,AVAILABLE,validation,VALIDATION_SELECTED,0.5,32,32,16,8,7,1,0.6666666666666666,0.9411764705882353,0.7804878048780488,0.5333333333333333,7,1.0,0.7987438333977235,0.7987438333977235,,
AST_MAPPING_EQUAL,AVAILABLE,test,VALIDATION_SELECTED,0.5,36,36,20,8,7,1,0.7142857142857143,0.9523809523809523,0.8163265306122449,0.5333333333333333,7,1.0,0.8613592278223703,0.8613592278223703,,
AST_MAPPING_EQUAL,COMMON_LOW_FPR,test,VALIDATION_SELECTED,1.000001,36,36,0,0,15,21,,0.0,0.0,0.0,7,0.0,,,0.05,15
CANONICAL_MAPPING_EQUAL,COMMON,validation,VALIDATION_SELECTED,1.0,32,32,12,0,15,5,1.0,0.7058823529411765,0.8275862068965517,0.0,7,0.0,0.8793429963461294,0.8793429963461294,,
CANONICAL_MAPPING_EQUAL,COMMON,test,VALIDATION_SELECTED,1.0,36,36,17,1,14,4,0.9444444444444444,0.8095238095238095,0.8717948717948718,0.06666666666666667,7,0.14285714285714285,0.8904989721419742,0.8904989721419742,,
CANONICAL_MAPPING_EQUAL,AVAILABLE,validation,VALIDATION_SELECTED,1.0,32,32,12,0,15,5,1.0,0.7058823529411765,0.8275862068965517,0.0,7,0.0,0.8793429963461294,0.8793429963461294,,
CANONICAL_MAPPING_EQUAL,AVAILABLE,test,VALIDATION_SELECTED,1.0,36,36,17,1,14,4,0.9444444444444444,0.8095238095238095,0.8717948717948718,0.06666666666666667,7,0.14285714285714285,0.8904989721419742,0.8904989721419742,,
CANONICAL_MAPPING_EQUAL,COMMON_LOW_FPR,test,VALIDATION_SELECTED,1.0,36,36,17,1,14,4,0.9444444444444444,0.8095238095238095,0.8717948717948718,0.06666666666666667,7,0.14285714285714285,,,0.05,15
ALL_EQUAL,COMMON,validation,VALIDATION_SELECTED,0.4,32,32,16,7,8,1,0.6956521739130435,0.9411764705882353,0.8,0.4666666666666667,7,1.0,0.7357909866532177,0.7357909866532177,,
ALL_EQUAL,COMMON,test,VALIDATION_SELECTED,0.4,36,36,20,8,7,1,0.7142857142857143,0.9523809523809523,0.8163265306122449,0.5333333333333333,7,1.0,0.7328218746037487,0.7328218746037487,,
ALL_EQUAL,AVAILABLE,validation,VALIDATION_SELECTED,0.4,32,32,16,7,8,1,0.6956521739130435,0.9411764705882353,0.8,0.4666666666666667,7,1.0,0.7357909866532177,0.7357909866532177,,
ALL_EQUAL,AVAILABLE,test,VALIDATION_SELECTED,0.4,36,36,20,8,7,1,0.7142857142857143,0.9523809523809523,0.8163265306122449,0.5333333333333333,7,1.0,0.7328218746037487,0.7328218746037487,,
ALL_EQUAL,COMMON_LOW_FPR,test,VALIDATION_SELECTED,1.0,36,36,3,1,14,18,0.75,0.14285714285714285,0.24,0.06666666666666667,7,0.14285714285714285,,,0.05,15
PICAS_FIXED,COMMON,validation,VALIDATION_SELECTED,0.3,32,32,16,8,7,1,0.6666666666666666,0.9411764705882353,0.7804878048780488,0.5333333333333333,7,1.0,0.7663231995383717,0.7663231995383717,,
PICAS_FIXED,COMMON,test,VALIDATION_SELECTED,0.3,36,36,20,10,5,1,0.6666666666666666,0.9523809523809523,0.7843137254901961,0.6666666666666666,7,1.0,0.7453759871578611,0.7453759871578611,,
PICAS_FIXED,AVAILABLE,validation,VALIDATION_SELECTED,0.3,35,35,17,8,8,2,0.68,0.8947368421052632,0.7727272727272727,0.5,7,1.0,0.7531217981850639,0.7531217981850639,,
PICAS_FIXED,AVAILABLE,test,VALIDATION_SELECTED,0.3,40,40,22,10,6,2,0.6875,0.9166666666666666,0.7857142857142857,0.625,7,1.0,0.7455895314304055,0.7455895314304055,,
PICAS_FIXED,COMMON_LOW_FPR,test,VALIDATION_SELECTED,1.0,36,36,3,1,14,18,0.75,0.14285714285714285,0.24,0.06666666666666667,7,0.14285714285714285,,,0.05,15
PICAS_RULE_DYNAMIC,COMMON,validation,FROZEN_RULE,0.0,32,32,10,4,11,7,0.7142857142857143,0.5882352941176471,0.6451612903225806,0.26666666666666666,7,0.5714285714285714,0.7663231995383717,0.7651645542620795,,
PICAS_RULE_DYNAMIC,COMMON,test,FROZEN_RULE,0.0,36,36,13,4,11,8,0.7647058823529411,0.6190476190476191,0.6842105263157895,0.26666666666666666,7,0.5714285714285714,0.7453759871578611,0.7074390178446275,,
PICAS_RULE_DYNAMIC,AVAILABLE,validation,FROZEN_RULE,0.0,35,35,10,4,12,9,0.7142857142857143,0.5263157894736842,0.6060606060606061,0.25,7,0.5714285714285714,0.7531217981850639,0.7520851155694338,,
PICAS_RULE_DYNAMIC,AVAILABLE,test,FROZEN_RULE,0.0,40,40,14,4,12,10,0.7777777777777778,0.5833333333333334,0.6666666666666666,0.25,7,0.5714285714285714,0.7455895314304055,0.7127209222847066,,
PICAS_RULE_DYNAMIC,COMMON_LOW_FPR,test,NO_VALIDATION_FPR_POINT,,36,0,0,0,0,0,,,,,0,,,,0.05,15
PICAS_DYNAMIC_OFFSET,COMMON,validation,VALIDATION_SELECTED,-0.1,32,32,14,4,11,3,0.7777777777777778,0.8235294117647058,0.8,0.26666666666666666,7,0.5714285714285714,0.7663231995383717,0.7651645542620795,,
PICAS_DYNAMIC_OFFSET,COMMON,test,VALIDATION_SELECTED,-0.1,36,36,18,4,11,3,0.8181818181818182,0.8571428571428571,0.8372093023255814,0.26666666666666666,7,0.5714285714285714,0.7453759871578611,0.7074390178446275,,
PICAS_DYNAMIC_OFFSET,AVAILABLE,validation,VALIDATION_SELECTED,-0.1,35,35,14,4,12,5,0.7777777777777778,0.7368421052631579,0.7567567567567568,0.25,7,0.5714285714285714,0.7531217981850639,0.7520851155694338,,
PICAS_DYNAMIC_OFFSET,AVAILABLE,test,VALIDATION_SELECTED,-0.1,40,40,19,4,12,5,0.8260869565217391,0.7916666666666666,0.8085106382978723,0.25,7,0.5714285714285714,0.7455895314304055,0.7127209222847066,,
PICAS_DYNAMIC_OFFSET,COMMON_LOW_FPR,test,NO_VALIDATION_FPR_POINT,,36,0,0,0,0,0,,,,,0,,,,0.05,15
