method,k,value,queries,status
RAW_ONLY,1,,0,COMPLETE_LABELED_QUERY_POOL_REQUIRED
RAW_ONLY,5,,0,COMPLETE_LABELED_QUERY_POOL_REQUIRED
RAW_ONLY,10,,0,COMPLETE_LABELED_QUERY_POOL_REQUIRED
AST_ONLY,1,,0,COMPLETE_LABELED_QUERY_POOL_REQUIRED
AST_ONLY,5,,0,COMPLETE_LABELED_QUERY_POOL_REQUIRED
AST_ONLY,10,,0,COMPLETE_LABELED_QUERY_POOL_REQUIRED
CANONICAL_ONLY,1,,0,COMPLETE_LABELED_QUERY_POOL_REQUIRED
CANONICAL_ONLY,5,,0,COMPLETE_LABELED_QUERY_POOL_REQUIRED
CANONICAL_ONLY,10,,0,COMPLETE_LABELED_QUERY_POOL_REQUIRED
MAPPING_ONLY,1,,0,COMPLETE_LABELED_QUERY_POOL_REQUIRED
MAPPING_ONLY,5,,0,COMPLETE_LABELED_QUERY_POOL_REQUIRED
MAPPING_ONLY,10,,0,COMPLETE_LABELED_QUERY_POOL_REQUIRED
RAW_AST_EQUAL,1,,0,COMPLETE_LABELED_QUERY_POOL_REQUIRED
RAW_AST_EQUAL,5,,0,COMPLETE_LABELED_QUERY_POOL_REQUIRED
RAW_AST_EQUAL,10,,0,COMPLETE_LABELED_QUERY_POOL_REQUIRED
RAW_CANONICAL_EQUAL,1,,0,COMPLETE_LABELED_QUERY_POOL_REQUIRED
RAW_CANONICAL_EQUAL,5,,0,COMPLETE_LABELED_QUERY_POOL_REQUIRED
RAW_CANONICAL_EQUAL,10,,0,COMPLETE_LABELED_QUERY_POOL_REQUIRED
RAW_MAPPING_EQUAL,1,,0,COMPLETE_LABELED_QUERY_POOL_REQUIRED
RAW_MAPPING_EQUAL,5,,0,COMPLETE_LABELED_QUERY_POOL_REQUIRED
RAW_MAPPING_EQUAL,10,,0,COMPLETE_LABELED_QUERY_POOL_REQUIRED
AST_CANONICAL_EQUAL,1,,0,COMPLETE_LABELED_QUERY_POOL_REQUIRED
AST_CANONICAL_EQUAL,5,,0,COMPLETE_LABELED_QUERY_POOL_REQUIRED
AST_CANONICAL_EQUAL,10,,0,COMPLETE_LABELED_QUERY_POOL_REQUIRED
AST_MAPPING_EQUAL,1,,0,COMPLETE_LABELED_QUERY_POOL_REQUIRED
AST_MAPPING_EQUAL,5,,0,COMPLETE_LABELED_QUERY_POOL_REQUIRED
AST_MAPPING_EQUAL,10,,0,COMPLETE_LABELED_QUERY_POOL_REQUIRED
CANONICAL_MAPPING_EQUAL,1,,0,COMPLETE_LABELED_QUERY_POOL_REQUIRED
CANONICAL_MAPPING_EQUAL,5,,0,COMPLETE_LABELED_QUERY_POOL_REQUIRED
CANONICAL_MAPPING_EQUAL,10,,0,COMPLETE_LABELED_QUERY_POOL_REQUIRED
ALL_EQUAL,1,,0,COMPLETE_LABELED_QUERY_POOL_REQUIRED
ALL_EQUAL,5,,0,COMPLETE_LABELED_QUERY_POOL_REQUIRED
ALL_EQUAL,10,,0,COMPLETE_LABELED_QUERY_POOL_REQUIRED
PICAS_FIXED,1,,0,COMPLETE_LABELED_QUERY_POOL_REQUIRED
PICAS_FIXED,5,,0,COMPLETE_LABELED_QUERY_POOL_REQUIRED
PICAS_FIXED,10,,0,COMPLETE_LABELED_QUERY_POOL_REQUIRED
PICAS_RULE_DYNAMIC,1,,0,COMPLETE_LABELED_QUERY_POOL_REQUIRED
PICAS_RULE_DYNAMIC,5,,0,COMPLETE_LABELED_QUERY_POOL_REQUIRED
PICAS_RULE_DYNAMIC,10,,0,COMPLETE_LABELED_QUERY_POOL_REQUIRED
PICAS_DYNAMIC_OFFSET,1,,0,COMPLETE_LABELED_QUERY_POOL_REQUIRED
PICAS_DYNAMIC_OFFSET,5,,0,COMPLETE_LABELED_QUERY_POOL_REQUIRED
PICAS_DYNAMIC_OFFSET,10,,0,COMPLETE_LABELED_QUERY_POOL_REQUIRED
