pair_id,split,label,problem_id,source_id,group_id,language,case_type,problem_type,raw,ast,canonical,mapping,full,dynamic_threshold,analysis_elapsed_ms,source_type,synthetic,code_a_sha256,code_b_sha256,warnings
VALIDATION-SIMPLE-IO-01-RENAME,validation,TRANSFORMED,VALIDATION-SIMPLE-IO-01,SRC-VALIDATION-SIMPLE-IO-01,G-314b9ce84860,python,PARAMETER_RENAME,simple_io,0.04,1.0,1.0,1.0,0.808,0.851498,1.2203,synthetic,True,sha256:6ffe7bbe00025b1096873bbd37135921950e94c2123b460582d483f739ae515e,sha256:bf24c8f9beaf7876de33836caeacf4b83aa954decf2d8cec56395cde689ceb91,
VALIDATION-SIMPLE-IO-01-NATURAL,validation,NATURAL_SIMILAR,VALIDATION-SIMPLE-IO-01,SRC-VALIDATION-SIMPLE-IO-01,G-314b9ce84860,python,NATURAL_TEMPLATE,simple_io,0.647059,0.6,0.647059,1.0,0.690588,0.851498,0.6566,synthetic,True,sha256:6ffe7bbe00025b1096873bbd37135921950e94c2123b460582d483f739ae515e,sha256:c3410c77b84cc2a8ea76f1386c041b943b85f8bc5b3d103027f54570290a83dc,
VALIDATION-SIMPLE-IO-01-INDEPENDENT,validation,INDEPENDENT,VALIDATION-SIMPLE-IO-01,SRC-VALIDATION-SIMPLE-IO-01,G-314b9ce84860,python,INDEPENDENT_SOLUTION,simple_io,0.315789,0.12,0.315789,0.75,0.341763,0.851498,0.5473,synthetic,True,sha256:6ffe7bbe00025b1096873bbd37135921950e94c2123b460582d483f739ae515e,sha256:65a7084d3594cf2995f37b8302e1bc8c581c615b200b1a2d8bc8ccd6c3b6454d,
TEST-SIMPLE-IO-01-RENAME,test,TRANSFORMED,TEST-SIMPLE-IO-01,SRC-TEST-SIMPLE-IO-01,G-8b1eb27d8463,python,PARAMETER_RENAME,simple_io,0.04,1.0,1.0,1.0,0.808,0.851498,0.5562,synthetic,True,sha256:bf9458dbc8fb515b8a32df7e68e88ea9c6c7b5c03605e2954db9f79f3fc72a82,sha256:a56cdf8cb1f4f22449402203212efb7fed71fcc3fc23d0ea0d4807fdcd31745a,
TEST-SIMPLE-IO-01-NATURAL,test,NATURAL_SIMILAR,TEST-SIMPLE-IO-01,SRC-TEST-SIMPLE-IO-01,G-8b1eb27d8463,python,NATURAL_TEMPLATE,simple_io,0.647059,0.6,0.647059,1.0,0.690588,0.851498,0.5855,synthetic,True,sha256:bf9458dbc8fb515b8a32df7e68e88ea9c6c7b5c03605e2954db9f79f3fc72a82,sha256:11475b369199e4e9144ca03b1d13253337769237717b878e16fbb68c95b848e6,
TEST-SIMPLE-IO-01-INDEPENDENT,test,INDEPENDENT,TEST-SIMPLE-IO-01,SRC-TEST-SIMPLE-IO-01,G-8b1eb27d8463,python,INDEPENDENT_SOLUTION,simple_io,0.315789,0.12,0.315789,0.75,0.341763,0.851498,0.6006,synthetic,True,sha256:bf9458dbc8fb515b8a32df7e68e88ea9c6c7b5c03605e2954db9f79f3fc72a82,sha256:3797329843f9ef2ea26026b199b602cadeb633e7962dd6c2849dc72a2249a860,
TEST-SIMPLE-IO-01-SUSPICIOUS-FORMAT,test,SUSPICIOUS,TEST-SIMPLE-IO-01,SRC-TEST-SIMPLE-IO-01,G-8b1eb27d8463,python,FORMAT_COMMENT_CHANGE,simple_io,0.04,1.0,1.0,1.0,0.808,0.851498,0.5582,synthetic,True,sha256:bf9458dbc8fb515b8a32df7e68e88ea9c6c7b5c03605e2954db9f79f3fc72a82,sha256:1d95d8b734cb7258ec7e90dbe66bbb4508771c61d3e1f4ff012fff4b6e47ef14,
VALIDATION-ARRAY-LOOP-01-RENAME,validation,TRANSFORMED,VALIDATION-ARRAY-LOOP-01,SRC-VALIDATION-ARRAY-LOOP-01,G-757a3bd8c3b8,python,VARIABLE_RENAME,array_loop,0.073171,1.0,1.0,1.0,0.814634,0.807,0.8537,synthetic,True,sha256:c8fd9c58c8bf74d9897db890e68ce9a79c3e42f08d2ba5bed56a442abe02af8d,sha256:8b270555c6a1190be8ec9be4fd7832a3ced70c5dee7dbd01a5215b2b57365a30,
VALIDATION-ARRAY-LOOP-01-NATURAL,validation,NATURAL_SIMILAR,VALIDATION-ARRAY-LOOP-01,SRC-VALIDATION-ARRAY-LOOP-01,G-757a3bd8c3b8,python,NATURAL_TEMPLATE,array_loop,0.451613,0.459459,0.451613,1.0,0.53544,0.807,0.8106,synthetic,True,sha256:c8fd9c58c8bf74d9897db890e68ce9a79c3e42f08d2ba5bed56a442abe02af8d,sha256:38de8107dd846389722426e144a5be54f29cd5f3accaab654d40187866724c51,
VALIDATION-ARRAY-LOOP-01-INDEPENDENT,validation,INDEPENDENT,VALIDATION-ARRAY-LOOP-01,SRC-VALIDATION-ARRAY-LOOP-01,G-757a3bd8c3b8,python,INDEPENDENT_SOLUTION,array_loop,0.108108,0.128205,0.108108,0.5,0.170911,0.807,0.7392,synthetic,True,sha256:c8fd9c58c8bf74d9897db890e68ce9a79c3e42f08d2ba5bed56a442abe02af8d,sha256:d6e074460cdf6bd1ef349a1a9e844c74f3000ddae82594d3ed9b24c3200d45ca,
TEST-ARRAY-LOOP-01-RENAME,test,TRANSFORMED,TEST-ARRAY-LOOP-01,SRC-TEST-ARRAY-LOOP-01,G-d2407dbc1a72,python,VARIABLE_RENAME,array_loop,0.073171,1.0,1.0,1.0,0.814634,0.807,0.7823,synthetic,True,sha256:62f386a87ca61a46493456ffb682fd273e3c1c7ddd80c10ddf864e71ea0f0e51,sha256:a5bb514117ce039f0f6adcca66e6e58e4b635c9eaebc4cd21ae4a632e645a0e3,
TEST-ARRAY-LOOP-01-NATURAL,test,NATURAL_SIMILAR,TEST-ARRAY-LOOP-01,SRC-TEST-ARRAY-LOOP-01,G-d2407dbc1a72,python,NATURAL_TEMPLATE,array_loop,0.451613,0.459459,0.451613,1.0,0.53544,0.807,0.7981,synthetic,True,sha256:62f386a87ca61a46493456ffb682fd273e3c1c7ddd80c10ddf864e71ea0f0e51,sha256:eb53a21ed59cdada59c4f1ee083c5ab478d61147271f13203a6ec55dea0b16ad,
TEST-ARRAY-LOOP-01-INDEPENDENT,test,INDEPENDENT,TEST-ARRAY-LOOP-01,SRC-TEST-ARRAY-LOOP-01,G-d2407dbc1a72,python,INDEPENDENT_SOLUTION,array_loop,0.108108,0.128205,0.108108,0.5,0.170911,0.807,0.7543,synthetic,True,sha256:62f386a87ca61a46493456ffb682fd273e3c1c7ddd80c10ddf864e71ea0f0e51,sha256:965f12c44d579ea74f9f5d30aef374944a9622fc20efa5ccfe98599091310ff1,
TEST-ARRAY-LOOP-01-SUSPICIOUS-FORMAT,test,SUSPICIOUS,TEST-ARRAY-LOOP-01,SRC-TEST-ARRAY-LOOP-01,G-d2407dbc1a72,python,FORMAT_COMMENT_CHANGE,array_loop,0.073171,1.0,1.0,1.0,0.814634,0.807,0.7886,synthetic,True,sha256:62f386a87ca61a46493456ffb682fd273e3c1c7ddd80c10ddf864e71ea0f0e51,sha256:60eff5d64311a5c98d502e3d0ad76b67b8cc2358d4fa4d7aff51686554508bdd,
VALIDATION-SORT-TEMPLATE-01-RENAME,validation,TRANSFORMED,VALIDATION-SORT-TEMPLATE-01,SRC-VALIDATION-SORT-TEMPLATE-01,G-4bed6eba3770,python,FUNCTION_RENAME,sort_template,0.142857,1.0,1.0,1.0,0.828571,0.806648,1.9827,synthetic,True,sha256:77af6aad4be9231a5712a8ca06c559e8793d19f2701455c2bc653c10f6953744,sha256:0a38f56d864921dd31198c748479605f7bf9ff2826e276e93e147d24524bb4be,
VALIDATION-SORT-TEMPLATE-01-NATURAL,validation,NATURAL_SIMILAR,VALIDATION-SORT-TEMPLATE-01,SRC-VALIDATION-SORT-TEMPLATE-01,G-4bed6eba3770,python,NATURAL_TEMPLATE,sort_template,0.890625,0.919355,0.890625,1.0,0.912777,0.806648,2.007,synthetic,True,sha256:77af6aad4be9231a5712a8ca06c559e8793d19f2701455c2bc653c10f6953744,sha256:339c815078c4a8147de310618ffd2c4eed9eb58a7ce7e95b9f5d067f4823fb9c,
VALIDATION-SORT-TEMPLATE-01-INDEPENDENT,validation,INDEPENDENT,VALIDATION-SORT-TEMPLATE-01,SRC-VALIDATION-SORT-TEMPLATE-01,G-4bed6eba3770,python,INDEPENDENT_SOLUTION,sort_template,0.0625,0.076923,0.0625,0.333333,0.10601,0.806648,1.1921,synthetic,True,sha256:77af6aad4be9231a5712a8ca06c559e8793d19f2701455c2bc653c10f6953744,sha256:a73a9da9622c85a7bd9f1e07988df4ef3eb2567e45439b55196ab46eb60d5678,
TEST-SORT-TEMPLATE-01-RENAME,test,TRANSFORMED,TEST-SORT-TEMPLATE-01,SRC-TEST-SORT-TEMPLATE-01,G-1df5b9b2b1b6,python,FUNCTION_RENAME,sort_template,0.100917,1.0,1.0,1.0,0.820183,0.806648,1.9822,synthetic,True,sha256:6382155426f95dc66be6d14ab642dccb30366df65da43f39e4a0239fa41496c2,sha256:b7c568f64709e8411ee337a3d8ce2d38192b0c9ae764aa9a3da6298fafcd074f,
TEST-SORT-TEMPLATE-01-NATURAL,test,NATURAL_SIMILAR,TEST-SORT-TEMPLATE-01,SRC-TEST-SORT-TEMPLATE-01,G-1df5b9b2b1b6,python,NATURAL_TEMPLATE,sort_template,0.890625,0.919355,0.890625,1.0,0.912777,0.806648,2.1706,synthetic,True,sha256:6382155426f95dc66be6d14ab642dccb30366df65da43f39e4a0239fa41496c2,sha256:271bdd106e28d9d7433009c13746cac33e9313f0b01a11720a14f21abe0db8d4,
TEST-SORT-TEMPLATE-01-INDEPENDENT,test,INDEPENDENT,TEST-SORT-TEMPLATE-01,SRC-TEST-SORT-TEMPLATE-01,G-1df5b9b2b1b6,python,INDEPENDENT_SOLUTION,sort_template,0.0625,0.076923,0.0625,0.333333,0.10601,0.806648,1.1775,synthetic,True,sha256:6382155426f95dc66be6d14ab642dccb30366df65da43f39e4a0239fa41496c2,sha256:cd4704252ad6da41f4fa78346e1b37da558601f08540e023d259bbf9ee4c7aad,
TEST-SORT-TEMPLATE-01-SUSPICIOUS-FORMAT,test,SUSPICIOUS,TEST-SORT-TEMPLATE-01,SRC-TEST-SORT-TEMPLATE-01,G-1df5b9b2b1b6,python,FORMAT_COMMENT_CHANGE,sort_template,0.100917,1.0,1.0,1.0,0.820183,0.806648,1.956,synthetic,True,sha256:6382155426f95dc66be6d14ab642dccb30366df65da43f39e4a0239fa41496c2,sha256:a72b0c00effacd30b88e360ada8cf737a83b4c854d60d7378f6bbc17c997cb71,
VALIDATION-DFS-GRAPH-01-RENAME,validation,TRANSFORMED,VALIDATION-DFS-GRAPH-01,SRC-VALIDATION-DFS-GRAPH-01,G-2d763db84780,python,PARAMETER_RENAME,dfs_graph,0.070707,1.0,1.0,1.0,0.814141,0.758878,1.5236,synthetic,True,sha256:3ededabb22ff342776bf6a6b83b69e62243211d0bf589006e2022b1eea5d518a,sha256:6a4b25cdcb8cf8fb5ace2ba51a62f859f83bdbf1bc337bab0d9ac185303cb386,
VALIDATION-DFS-GRAPH-01-NATURAL,validation,NATURAL_SIMILAR,VALIDATION-DFS-GRAPH-01,SRC-VALIDATION-DFS-GRAPH-01,G-2d763db84780,python,NATURAL_TEMPLATE,dfs_graph,0.816667,0.875,0.816667,1.0,0.855833,0.758878,1.6621,synthetic,True,sha256:3ededabb22ff342776bf6a6b83b69e62243211d0bf589006e2022b1eea5d518a,sha256:ec2c9bb1c56fbdc4802fadbd64dcc08e3ab7c1ac8931bdc931f69510d1df14ff,
VALIDATION-DFS-GRAPH-01-INDEPENDENT,validation,INDEPENDENT,VALIDATION-DFS-GRAPH-01,SRC-VALIDATION-DFS-GRAPH-01,G-2d763db84780,python,INDEPENDENT_SOLUTION,dfs_graph,0.179775,0.448276,0.09375,0.5,0.242798,0.758878,1.4554,synthetic,True,sha256:3ededabb22ff342776bf6a6b83b69e62243211d0bf589006e2022b1eea5d518a,sha256:880d0c2dec9aabbbd0004867c3b2d63ccba2a17625f537eddd59e1bdf6493f07,
TEST-DFS-GRAPH-01-RENAME,test,TRANSFORMED,TEST-DFS-GRAPH-01,SRC-TEST-DFS-GRAPH-01,G-58c393589490,python,PARAMETER_RENAME,dfs_graph,0.070707,1.0,1.0,1.0,0.814141,0.758878,1.5291,synthetic,True,sha256:6b07a2f1cbd56121a42062e04e9faf041e9c396485436b68088dd442cfaab12b,sha256:bc24e2e33f9e4245c27153ce8015debdd80b46998bba09affab4cd509359737c,
TEST-DFS-GRAPH-01-NATURAL,test,NATURAL_SIMILAR,TEST-DFS-GRAPH-01,SRC-TEST-DFS-GRAPH-01,G-58c393589490,python,NATURAL_TEMPLATE,dfs_graph,0.816667,0.875,0.816667,1.0,0.855833,0.758878,1.5814,synthetic,True,sha256:6b07a2f1cbd56121a42062e04e9faf041e9c396485436b68088dd442cfaab12b,sha256:b32eafa9da44534931d98f3b7759e6a655e1665420e91223571c9074021cc83e,
TEST-DFS-GRAPH-01-INDEPENDENT,test,INDEPENDENT,TEST-DFS-GRAPH-01,SRC-TEST-DFS-GRAPH-01,G-58c393589490,python,INDEPENDENT_SOLUTION,dfs_graph,0.179775,0.448276,0.09375,0.5,0.242798,0.758878,1.5393,synthetic,True,sha256:6b07a2f1cbd56121a42062e04e9faf041e9c396485436b68088dd442cfaab12b,sha256:cd87a81af672255aafdf899e830026e001a92afba9f118c99fa9d73dedd10787,
TEST-DFS-GRAPH-01-SUSPICIOUS-FORMAT,test,SUSPICIOUS,TEST-DFS-GRAPH-01,SRC-TEST-DFS-GRAPH-01,G-58c393589490,python,FORMAT_COMMENT_CHANGE,dfs_graph,0.070707,1.0,1.0,1.0,0.814141,0.758878,1.5216,synthetic,True,sha256:6b07a2f1cbd56121a42062e04e9faf041e9c396485436b68088dd442cfaab12b,sha256:c7897e89f0493f30d1331849b3fe27c2caec5ec3f2a5881f102bc3a5f7521673,
VALIDATION-DP-VARIANT-01-RENAME,validation,TRANSFORMED,VALIDATION-DP-VARIANT-01,SRC-VALIDATION-DP-VARIANT-01,G-ea7d15d8556b,python,VARIABLE_RENAME,dp_variant,0.046154,1.0,1.0,1.0,0.809231,0.813468,1.2365,synthetic,True,sha256:8b61a9085fe678a3178ae2ca5a66608688505a71d45a6c95182b4065308c04a3,sha256:63c4aab161cad13009b48eecd576d2b27e10546259dcdbd3bd1a2be916a5cc73,
VALIDATION-DP-VARIANT-01-NATURAL,validation,NATURAL_SIMILAR,VALIDATION-DP-VARIANT-01,SRC-VALIDATION-DP-VARIANT-01,G-ea7d15d8556b,python,NATURAL_TEMPLATE,dp_variant,0.636364,0.741935,0.636364,1.0,0.712023,0.813468,1.1988,synthetic,True,sha256:8b61a9085fe678a3178ae2ca5a66608688505a71d45a6c95182b4065308c04a3,sha256:1f2f8ec85408a6aa80a4a867459a2bfb96bda41115a850c9f6ba30f2e4c1a899,
VALIDATION-DP-VARIANT-01-INDEPENDENT,validation,INDEPENDENT,VALIDATION-DP-VARIANT-01,SRC-VALIDATION-DP-VARIANT-01,G-ea7d15d8556b,python,INDEPENDENT_SOLUTION,dp_variant,0.072289,0.192982,0.072289,0.5,0.160584,0.813468,1.5635,synthetic,True,sha256:8b61a9085fe678a3178ae2ca5a66608688505a71d45a6c95182b4065308c04a3,sha256:ba37b5f42225eba0c62469e471e64d9dc50b5da66e8285ed38a4cb7ea364146c,
TEST-DP-VARIANT-01-RENAME,test,TRANSFORMED,TEST-DP-VARIANT-01,SRC-TEST-DP-VARIANT-01,G-1bc17e655062,python,VARIABLE_RENAME,dp_variant,0.046154,1.0,1.0,1.0,0.809231,0.813468,1.1512,synthetic,True,sha256:4d9f4b0efaf2138f13a51e1c9ffc91c724676e7c073140651fa257f406068aa3,sha256:a26e8fe532b23d638cf6286bd44f084423a18fe5ac1b2f13b689bc3cff006380,
TEST-DP-VARIANT-01-NATURAL,test,NATURAL_SIMILAR,TEST-DP-VARIANT-01,SRC-TEST-DP-VARIANT-01,G-1bc17e655062,python,NATURAL_TEMPLATE,dp_variant,0.636364,0.741935,0.636364,1.0,0.712023,0.813468,1.1366,synthetic,True,sha256:4d9f4b0efaf2138f13a51e1c9ffc91c724676e7c073140651fa257f406068aa3,sha256:93cf095b19aa1269b480c954dd7cf33660060b0a0f8615b71a9c03a4bfd6d42d,
TEST-DP-VARIANT-01-INDEPENDENT,test,INDEPENDENT,TEST-DP-VARIANT-01,SRC-TEST-DP-VARIANT-01,G-1bc17e655062,python,INDEPENDENT_SOLUTION,dp_variant,0.072289,0.192982,0.072289,0.5,0.160584,0.813468,1.4081,synthetic,True,sha256:4d9f4b0efaf2138f13a51e1c9ffc91c724676e7c073140651fa257f406068aa3,sha256:286e1fbebc551febf4a46e1004fc2ecd6433517733c0afc59c36802810f6c71c,
TEST-DP-VARIANT-01-SUSPICIOUS-FORMAT,test,SUSPICIOUS,TEST-DP-VARIANT-01,SRC-TEST-DP-VARIANT-01,G-1bc17e655062,python,FORMAT_COMMENT_CHANGE,dp_variant,0.046154,1.0,1.0,1.0,0.809231,0.813468,1.1386,synthetic,True,sha256:4d9f4b0efaf2138f13a51e1c9ffc91c724676e7c073140651fa257f406068aa3,sha256:6f2ac6f207ce3d55a96fbf6969bea4a61fbc1091da9e3a441233d256cc1a8db3,
SEED-VALIDATION-01-SIMPLE-IO-01-NATURAL_TEMPLATE,validation,NATURAL_SIMILAR,SEED-VALIDATION-01-SIMPLE-IO,SEED-SOURCE-VALIDATION-01,G-37eed964aaa4,python,NATURAL_TEMPLATE,simple_io,0.777778,1.0,0.777778,1.0,0.855556,0.831283,0.6512,synthetic,True,sha256:61d285c74f00d3bc34af23cb093f11551a9a5e5ae1bf134acc92efb321187d68,sha256:b05024324903729f79d14d00d897787ec9ea2163c4e5f5cc0ad483bb2a5080ff,
SEED-VALIDATION-01-SIMPLE-IO-02-PARAMETER_RENAME,validation,TRANSFORMED,SEED-VALIDATION-01-SIMPLE-IO,SEED-SOURCE-VALIDATION-01,G-37eed964aaa4,python,PARAMETER_RENAME,simple_io,0.2,1.0,1.0,1.0,0.84,0.831283,0.6024,synthetic,True,sha256:61d285c74f00d3bc34af23cb093f11551a9a5e5ae1bf134acc92efb321187d68,sha256:994b3a8c13f3369ec67ef052bcb6efa87a1b813b89fe97c49a8b9ca8f7306d17,
SEED-VALIDATION-01-SIMPLE-IO-03-FORMAT_COMMENT_CHANGE,validation,TRANSFORMED,SEED-VALIDATION-01-SIMPLE-IO,SEED-SOURCE-VALIDATION-01,G-37eed964aaa4,java,FORMAT_COMMENT_CHANGE,simple_io,1.0,1.0,1.0,1.0,1.0,0.831283,1.1021,synthetic,True,sha256:66657f15d33ff152e4b50c9da07c305cd707e3780878232c44e33fd81de6287f,sha256:91e4ce469a3fdd134f7e59ac87a2d9aa7fbee0306fe16e0f7886112993ad3b96,
SEED-VALIDATION-02-ARRAY-LOOP-01-VARIABLE_RENAME,validation,TRANSFORMED,SEED-VALIDATION-02-ARRAY-LOOP,SEED-SOURCE-VALIDATION-02,G-1f5ad99c3c54,java,VARIABLE_RENAME,array_loop,0.290323,1.0,1.0,1.0,0.858065,0.824366,1.3041,synthetic,True,sha256:add2a899b861223e26d507d55f40493ec00e130049313c06143f8d38fa51e437,sha256:ed1dfcebe8cddba289eba239566fa656e05751301b9e10babd3b5d13a8a49e02,
SEED-VALIDATION-02-ARRAY-LOOP-02-LOCAL_REORDER,validation,TRANSFORMED,SEED-VALIDATION-02-ARRAY-LOOP,SEED-SOURCE-VALIDATION-02,G-1f5ad99c3c54,python,LOCAL_REORDER,array_loop,0.785714,0.806452,0.785714,0.666667,0.772005,0.824366,0.9535,synthetic,True,sha256:94a827e95e8b6185a159cd92e6f162dec014363095036802bdc40edfecd84fbe,sha256:b19c9018962fb1864e3b2c0b9b4e3caa15baa96c627872fcaab6de8eb5fee8ac,
SEED-VALIDATION-02-ARRAY-LOOP-03-INDEPENDENT_SOLUTION,validation,INDEPENDENT,SEED-VALIDATION-02-ARRAY-LOOP,SEED-SOURCE-VALIDATION-02,G-1f5ad99c3c54,python,INDEPENDENT_SOLUTION,array_loop,0.1,0.2,,,0.1,0.824366,0.6919,synthetic,True,sha256:94a827e95e8b6185a159cd92e6f162dec014363095036802bdc40edfecd84fbe,sha256:c9a9dcc06aa771002c6b90df1c9acc61d2bb478bcbaca3b58617b5ac6a4518ad,Scope normalization is unavailable; weighted analysis fell back to raw tokens.
SEED-VALIDATION-03-SORT-TEMPLATE-01-FUNCTION_RENAME,validation,TRANSFORMED,SEED-VALIDATION-03-SORT-TEMPLATE,SEED-SOURCE-VALIDATION-03,G-f36d36dda4ce,java,FUNCTION_RENAME,sort_template,0.860465,1.0,1.0,1.0,0.972093,0.830995,1.2766,synthetic,True,sha256:c9f7f80414f0b4673db3633100962c22301c21ff0c67da97a5d6a6623fb79130,sha256:973dda0165737fb2b9300468f3013df12801aee940b5a1737dc8c0eedf2a5c3f,
SEED-VALIDATION-03-SORT-TEMPLATE-02-HUMAN_REWRITE,validation,SUSPICIOUS,SEED-VALIDATION-03-SORT-TEMPLATE,SEED-SOURCE-VALIDATION-03,G-f36d36dda4ce,python,HUMAN_REWRITE,sort_template,0.030303,0.076923,0.0625,0.333333,0.09957,0.830995,1.2202,synthetic,True,sha256:dcccbd21074272ff0142642ed2b6f7e3db195ee3b07a0f5f3e953373457c537c,sha256:7e430c55641c39f1b4589c91b0b78bdd25338abad4e1c58971c30b0a65aa792d,
SEED-VALIDATION-03-SORT-TEMPLATE-03-COMMON_STRUCTURE,validation,INDEPENDENT,SEED-VALIDATION-03-SORT-TEMPLATE,SEED-SOURCE-VALIDATION-03,G-f36d36dda4ce,python,COMMON_STRUCTURE,sort_template,0.025,0.16,0.093333,0.666667,0.179,0.830995,1.423,synthetic,True,sha256:dcccbd21074272ff0142642ed2b6f7e3db195ee3b07a0f5f3e953373457c537c,sha256:1e8e2feae3867da4c307ebd603e7a1d0cb13e5f501a97adfc31593cde222437f,
SEED-VALIDATION-04-STRING-PROCESSING-01-SPLIT_MERGE,validation,TRANSFORMED,SEED-VALIDATION-04-STRING-PROCESSING,SEED-SOURCE-VALIDATION-04,G-a3a6560f116d,python,SPLIT_MERGE,string_processing,0.741935,0.862069,0.2,0.333333,0.460801,0.85041,0.9062,synthetic,True,sha256:327f5603c7db20d710376e7d7ca147ae300d8d89476148d2bf0fe9dcbeee1069,sha256:9ae89238c91703678be3a5d66c25c736d7880889916e20ce120913926569c642,
SEED-VALIDATION-04-STRING-PROCESSING-02-UNSUPPORTED_SYNTAX,validation,TRANSFORMED,SEED-VALIDATION-04-STRING-PROCESSING,SEED-SOURCE-VALIDATION-04,G-a3a6560f116d,python,UNSUPPORTED_SYNTAX,string_processing,0.657143,0.631579,,,0.657143,0.85041,0.8221,synthetic,True,sha256:327f5603c7db20d710376e7d7ca147ae300d8d89476148d2bf0fe9dcbeee1069,sha256:9d8354068569fcab0a8ec3fd68c4fbe655b79e9e79090c56d7d2f14c4003af64,Scope normalization is unavailable; weighted analysis fell back to raw tokens.
SEED-VALIDATION-05-DFS-GRAPH-02-VARIABLE_RENAME,validation,TRANSFORMED,SEED-VALIDATION-05-DFS-GRAPH,SEED-SOURCE-VALIDATION-05,G-a5d051fec4db,python,VARIABLE_RENAME,dfs_graph,0.71831,1.0,1.0,1.0,0.943662,0.820007,1.7749,synthetic,True,sha256:8b508d5d72df30e8c6dfc2e6604649f0ae49789a9e2249c8eee626c9882ed34c,sha256:276354bc2a4bdd6c5d13eaf902da929c5a4c31ae330d0a87edad4385c72a05d5,
SEED-VALIDATION-05-DFS-GRAPH-03-NATURAL_TEMPLATE,validation,NATURAL_SIMILAR,SEED-VALIDATION-05-DFS-GRAPH,SEED-SOURCE-VALIDATION-05,G-a5d051fec4db,python,NATURAL_TEMPLATE,dfs_graph,0.9375,1.0,0.9375,1.0,0.959375,0.820007,1.7091,synthetic,True,sha256:8b508d5d72df30e8c6dfc2e6604649f0ae49789a9e2249c8eee626c9882ed34c,sha256:81b9dba168c357ebf85ee86430a6a1b65b944e9ce0a423b9f44412577bdb0bd3,
SEED-VALIDATION-06-BFS-GRAPH-01-HUMAN_REWRITE,validation,SUSPICIOUS,SEED-VALIDATION-06-BFS-GRAPH,SEED-SOURCE-VALIDATION-06,G-21cf422ad152,python,HUMAN_REWRITE,bfs_graph,0.0,0.184211,,,0.0,0.801584,1.3617,synthetic,True,sha256:6433fe5a401e01e4c221154c020ec4510fa15b10e70444f03f5545f68984affb,sha256:62f8ad6a620df59f07c7eb8ecd964743fb93f1e88489acb68cbdd55bd5d4add1,Scope normalization is unavailable; weighted analysis fell back to raw tokens.
SEED-VALIDATION-06-BFS-GRAPH-02-FUNCTION_RENAME,validation,TRANSFORMED,SEED-VALIDATION-06-BFS-GRAPH,SEED-SOURCE-VALIDATION-06,G-21cf422ad152,python,FUNCTION_RENAME,bfs_graph,0.934426,1.0,1.0,1.0,0.986885,0.801584,1.7198,synthetic,True,sha256:6433fe5a401e01e4c221154c020ec4510fa15b10e70444f03f5545f68984affb,sha256:9d1d1bc989fa37a23b0d0aebf02facd0b30e83ea4bd99b3e36ebe178f2202828,
SEED-VALIDATION-06-BFS-GRAPH-03-INDEPENDENT_SOLUTION,validation,INDEPENDENT,SEED-VALIDATION-06-BFS-GRAPH,SEED-SOURCE-VALIDATION-06,G-21cf422ad152,java,INDEPENDENT_SOLUTION,bfs_graph,0.142857,0.230769,0.157895,0.6,0.235778,0.801584,1.3368,synthetic,True,sha256:7a13b8640a7bc3aafc7e678e57a31255f151cc0f294a86c36cee4a79757e4971,sha256:22e4ade0c406e563c82dec9bfed9e9227f46985c847a2eee33c65b122b5ba89f,
SEED-VALIDATION-07-DP-VARIANT-01-SPLIT_MERGE,validation,TRANSFORMED,SEED-VALIDATION-07-DP-VARIANT,SEED-SOURCE-VALIDATION-07,G-7a19db4fd5a2,python,SPLIT_MERGE,dp_variant,0.711111,0.787879,0.084507,0.25,0.375326,0.831123,1.2889,synthetic,True,sha256:8d24e7e72dc8599535a758570b57cff9f3e8e60fc909dbe4aef94e0caef66152,sha256:d68993b27cd91c9c07919de3fb89a0c95b2c89f390dc4b8ef5a936c782ba7771,
SEED-VALIDATION-07-DP-VARIANT-02-PARAMETER_RENAME,validation,TRANSFORMED,SEED-VALIDATION-07-DP-VARIANT,SEED-SOURCE-VALIDATION-07,G-7a19db4fd5a2,python,PARAMETER_RENAME,dp_variant,0.692308,1.0,1.0,1.0,0.938462,0.831123,1.2151,synthetic,True,sha256:8d24e7e72dc8599535a758570b57cff9f3e8e60fc909dbe4aef94e0caef66152,sha256:4308d394c2b1b288c173bd3e5d3218b50a3a739336dfff9c3e13d225ce93cb2e,
SEED-VALIDATION-07-DP-VARIANT-03-COMMON_STRUCTURE,validation,INDEPENDENT,SEED-VALIDATION-07-DP-VARIANT,SEED-SOURCE-VALIDATION-07,G-7a19db4fd5a2,python,COMMON_STRUCTURE,dp_variant,0.057692,0.333333,0.145833,0.666667,0.24383,0.831123,0.9375,synthetic,True,sha256:8d24e7e72dc8599535a758570b57cff9f3e8e60fc909dbe4aef94e0caef66152,sha256:2883601013c2ee2fc1926d2ecd27137ca7b114ac2f19285b2682839c6cf67714,
SEED-VALIDATION-08-SIMULATION-01-LOCAL_REORDER,validation,TRANSFORMED,SEED-VALIDATION-08-SIMULATION,SEED-SOURCE-VALIDATION-08,G-59cdddf595d1,python,LOCAL_REORDER,simulation,0.823529,0.842105,0.823529,0.666667,0.803715,0.831155,1.1657,synthetic,True,sha256:9bae65b037b1c19a000905b400fb0ff3ef06a21d8948e71d57de4c947ec76d75,sha256:abf37bb45c1d762a3de1250899803f71a2403cd944dd1c4aa34e444ad33fd347,
SEED-TEST-01-SIMPLE-IO-01-HUMAN_REWRITE,test,SUSPICIOUS,SEED-TEST-01-SIMPLE-IO,SEED-SOURCE-TEST-01,G-6bee25961fdf,python,HUMAN_REWRITE,simple_io,0.153846,0.107143,0.25,0.75,0.277198,0.831283,0.6431,synthetic,True,sha256:69d4d260be79d887b3352f3aaf9d3449f3e1d85de756a7108f527350fe6dd840,sha256:959123d703be381d51960e3815030f555a0e3486c99411234bd1d1df98358388,
SEED-TEST-01-SIMPLE-IO-02-INDEPENDENT_SOLUTION,test,INDEPENDENT,SEED-TEST-01-SIMPLE-IO,SEED-SOURCE-TEST-01,G-6bee25961fdf,java,INDEPENDENT_SOLUTION,simple_io,0.368421,0.0,0.368421,0.8,0.359474,0.831283,0.9202,synthetic,True,sha256:f802e668f2201b75187e8a4e263538014f1931e14151f982135381f91c502393,sha256:d710b615d58dff63ddef5dbdfab07e8ae7813947feafa25322b1bbd9da945f6d,
SEED-TEST-02-ARRAY-LOOP-01-NATURAL_TEMPLATE,test,NATURAL_SIMILAR,SEED-TEST-02-ARRAY-LOOP,SEED-SOURCE-TEST-02,G-a6ec091a67b7,python,NATURAL_TEMPLATE,array_loop,1.0,1.0,1.0,1.0,1.0,0.824366,0.8225,synthetic,True,sha256:9963a3f13ae23d3cfd2366092c61cf7223b07e2be2abac3f49e47b6f94f64018,sha256:c28a21970c8ddac3a1260d7f82fca5f885dbbbf8b9a0cd891cb852948a9092c2,
SEED-TEST-02-ARRAY-LOOP-02-VARIABLE_RENAME,test,TRANSFORMED,SEED-TEST-02-ARRAY-LOOP,SEED-SOURCE-TEST-02,G-a6ec091a67b7,python,VARIABLE_RENAME,array_loop,0.073171,1.0,1.0,1.0,0.814634,0.824366,0.7963,synthetic,True,sha256:9963a3f13ae23d3cfd2366092c61cf7223b07e2be2abac3f49e47b6f94f64018,sha256:900a0cda268bd7ecf68a88d9ba87f1869caf94cd087b7b1248568597140e9e2e,
SEED-TEST-02-ARRAY-LOOP-03-UNSUPPORTED_SYNTAX,test,TRANSFORMED,SEED-TEST-02-ARRAY-LOOP,SEED-SOURCE-TEST-02,G-a6ec091a67b7,python,UNSUPPORTED_SYNTAX,array_loop,0.647059,0.641026,,,0.647059,0.824366,0.7887,synthetic,True,sha256:9963a3f13ae23d3cfd2366092c61cf7223b07e2be2abac3f49e47b6f94f64018,sha256:9237f3fa2c0661233fb80ac7ac6a3e6949e04a47ec27bbd455085fafe80ab0ad,Scope normalization is unavailable; weighted analysis fell back to raw tokens.
SEED-TEST-03-SORT-TEMPLATE-01-FORMAT_COMMENT_CHANGE,test,TRANSFORMED,SEED-TEST-03-SORT-TEMPLATE,SEED-SOURCE-TEST-03,G-5a102d196ca4,python,FORMAT_COMMENT_CHANGE,sort_template,1.0,1.0,1.0,1.0,1.0,0.830995,2.0112,synthetic,True,sha256:9e81352ed12d1dff66694dcddd51464e76236a10f7a262e961ffe71f268bc64c,sha256:a432d252f15b35a6aeaa9992d3b98bdf517d509a3b1e3c6d3c65aab12b3abc70,
SEED-TEST-03-SORT-TEMPLATE-02-LOCAL_REORDER,test,TRANSFORMED,SEED-TEST-03-SORT-TEMPLATE,SEED-SOURCE-TEST-03,G-5a102d196ca4,python,LOCAL_REORDER,sort_template,0.909091,0.897059,0.909091,0.75,0.882821,0.830995,2.1007,synthetic,True,sha256:9e81352ed12d1dff66694dcddd51464e76236a10f7a262e961ffe71f268bc64c,sha256:a9be91c07dd541f6745a39c32a9bc64c95178c11a46158e29e30f1e86a817735,
SEED-TEST-04-STRING-PROCESSING-01-FUNCTION_RENAME,test,TRANSFORMED,SEED-TEST-04-STRING-PROCESSING,SEED-SOURCE-TEST-04,G-309c6f7637ad,python,FUNCTION_RENAME,string_processing,0.84,1.0,1.0,1.0,0.968,0.85041,0.8528,synthetic,True,sha256:215d4dc208efad25c78019a9c895236b641186f1ee85d8a5b0ee64ba784be6c6,sha256:52b8985c0833798da6961555b8bc9ec03540827dc8804ff4e8d584d9e084a5ae,
SEED-TEST-04-STRING-PROCESSING-02-PARAMETER_RENAME,test,TRANSFORMED,SEED-TEST-04-STRING-PROCESSING,SEED-SOURCE-TEST-04,G-309c6f7637ad,java,PARAMETER_RENAME,string_processing,0.723077,1.0,1.0,1.0,0.944615,0.85041,1.6608,synthetic,True,sha256:ccf1c1b4a8474f950824446a688bf907f13bda1204ba4c9e091c916d061afd92,sha256:0197b088f52709bb7b89f0d05955c50eb84dc5121993c188788fa7899c5d7bc7,
SEED-TEST-04-STRING-PROCESSING-03-COMMON_STRUCTURE,test,INDEPENDENT,SEED-TEST-04-STRING-PROCESSING,SEED-SOURCE-TEST-04,G-309c6f7637ad,python,COMMON_STRUCTURE,string_processing,0.022727,0.515152,0.5,1.0,0.482576,0.85041,0.8286,synthetic,True,sha256:215d4dc208efad25c78019a9c895236b641186f1ee85d8a5b0ee64ba784be6c6,sha256:c34fdfc6f4f1eebc2a8ad23a3703528e035602db8aebfcda2ac65beeb924c481,
SEED-TEST-05-DFS-GRAPH-01-SPLIT_MERGE,test,TRANSFORMED,SEED-TEST-05-DFS-GRAPH,SEED-SOURCE-TEST-05,G-0aa256ed50ef,python,SPLIT_MERGE,dfs_graph,0.821918,0.875,0.090164,0.2,0.409957,0.820007,1.9087,synthetic,True,sha256:fdf3e8d883b918163b2f6206882d8a566619ba6760fddbfb84a674a07403d0a4,sha256:fca0037d7580ff856863659b22ea1da4e89519eb71910086417535bb07ccb1ea,
SEED-TEST-05-DFS-GRAPH-02-HUMAN_REWRITE,test,SUSPICIOUS,SEED-TEST-05-DFS-GRAPH,SEED-SOURCE-TEST-05,G-0aa256ed50ef,python,HUMAN_REWRITE,dfs_graph,0.0,0.118421,,,0.0,0.820007,1.3809,synthetic,True,sha256:fdf3e8d883b918163b2f6206882d8a566619ba6760fddbfb84a674a07403d0a4,sha256:243e54916ad4a105a6ce1ba157a4881e9fd72672b2b648f82c0e57aad1983380,Scope normalization is unavailable; weighted analysis fell back to raw tokens.
SEED-TEST-05-DFS-GRAPH-03-NATURAL_TEMPLATE,test,NATURAL_SIMILAR,SEED-TEST-05-DFS-GRAPH,SEED-SOURCE-TEST-05,G-0aa256ed50ef,python,NATURAL_TEMPLATE,dfs_graph,0.9375,1.0,0.9375,1.0,0.959375,0.820007,1.8121,synthetic,True,sha256:fdf3e8d883b918163b2f6206882d8a566619ba6760fddbfb84a674a07403d0a4,sha256:d54fb82248fd5863ca2793cca37db30f28962f4cc5799aacff223aebc26be7d0,
SEED-TEST-06-BFS-GRAPH-02-COMMON_STRUCTURE,test,INDEPENDENT,SEED-TEST-06-BFS-GRAPH,SEED-SOURCE-TEST-06,G-c4feb47ceaf4,python,COMMON_STRUCTURE,bfs_graph,0.0,0.212121,0.051948,0.5,0.140801,0.801584,1.2689,synthetic,True,sha256:a6e8b862ad2242f692e417762686e3bc63b6d38d9bd9cbd66f208e41445d5354,sha256:fb150215e66da4e5bc3eed4cc991132f8e0673e2eef77855e0551ec51225fc91,
SEED-TEST-06-BFS-GRAPH-03-UNSUPPORTED_SYNTAX,test,TRANSFORMED,SEED-TEST-06-BFS-GRAPH,SEED-SOURCE-TEST-06,G-c4feb47ceaf4,python,UNSUPPORTED_SYNTAX,bfs_graph,0.830986,0.80597,,,0.830986,0.801584,1.6591,synthetic,True,sha256:a6e8b862ad2242f692e417762686e3bc63b6d38d9bd9cbd66f208e41445d5354,sha256:8e572f86337d98d436d9e9f163d711a0970bbb22d994e0f93b7bf57caf625473,Scope normalization is unavailable; weighted analysis fell back to raw tokens.
SEED-TEST-07-DP-VARIANT-01-VARIABLE_RENAME,test,TRANSFORMED,SEED-TEST-07-DP-VARIANT,SEED-SOURCE-TEST-07,G-8ead3e4ae352,java,VARIABLE_RENAME,dp_variant,0.290323,1.0,1.0,1.0,0.858065,0.831123,1.2897,synthetic,True,sha256:738e0d7242926b3824b99ff9c1469653bdf8b57db11d3e61a54ccedf65173714,sha256:f6210ffa2a03ac22db8fcc02f78f00b5204fdeab72c8ecae57a48e599450a1b5,
SEED-TEST-07-DP-VARIANT-02-FORMAT_COMMENT_CHANGE,test,TRANSFORMED,SEED-TEST-07-DP-VARIANT,SEED-SOURCE-TEST-07,G-8ead3e4ae352,python,FORMAT_COMMENT_CHANGE,dp_variant,1.0,1.0,1.0,1.0,1.0,0.831123,1.0908,synthetic,True,sha256:534767d4579364b35310c3ea7cab32d0d2dd8201609572b9d96808e3ff6bc131,sha256:325dcb366f6e895d9bfc21f933f324ff7ee70629c8e455cdca7b1966404b6f86,
SEED-TEST-07-DP-VARIANT-03-INDEPENDENT_SOLUTION,test,INDEPENDENT,SEED-TEST-07-DP-VARIANT,SEED-SOURCE-TEST-07,G-8ead3e4ae352,python,INDEPENDENT_SOLUTION,dp_variant,0.089552,0.347826,,,0.089552,0.831123,1.0047,synthetic,True,sha256:534767d4579364b35310c3ea7cab32d0d2dd8201609572b9d96808e3ff6bc131,sha256:1e6c1b90b3e3966ee861b95a86d57edd7b5660197598403a0c8f23274bc3da54,Scope normalization is unavailable; weighted analysis fell back to raw tokens.
SEED-TEST-08-SIMULATION-01-LOCAL_REORDER,test,TRANSFORMED,SEED-TEST-08-SIMULATION,SEED-SOURCE-TEST-08,G-12846af3e054,java,LOCAL_REORDER,simulation,1.0,1.0,1.0,1.0,1.0,0.831155,1.3639,synthetic,True,sha256:c04acdd5911262dda1f5fa4c1e005f21994ea402e93824d736ed2c09832b0c05,sha256:0f444ce5fb907fda833a72da578323b67a378a9dc62e775bf0f40bd4f62c116a,
SEED-TEST-08-SIMULATION-02-SPLIT_MERGE,test,TRANSFORMED,SEED-TEST-08-SIMULATION,SEED-SOURCE-TEST-08,G-12846af3e054,python,SPLIT_MERGE,simulation,0.675,0.761905,0.098361,0.333333,0.381643,0.831155,1.1275,synthetic,True,sha256:a2cb4d892b1c603689ea395aae33c8db05bcd26c011477b7ccd9fb84f6f92473,sha256:8a8a0ab82c85a7dde98e4707a6310bb3e2ab2ef00596252090eda87270fc55fd,
