view,cohort,method,split,threshold,n,tp,fp,tn,fn,precision,recall,f1,fpr
version_1,PICAS_ALL_PUBLISHED_PAIRS,FULL_FIXED,validation,0.35,284,52,11,186,35,0.8253968253968254,0.5977011494252874,0.6933333333333334,0.05583756345177665
version_1,PICAS_ALL_PUBLISHED_PAIRS,FULL_FIXED,test,0.35,627,74,29,434,90,0.7184466019417476,0.45121951219512196,0.5543071161048689,0.06263498920086392
version_1,PICAS_ALL_PUBLISHED_PAIRS,NO_CANONICAL_FIXED,validation,0.45,284,52,14,183,35,0.7878787878787878,0.5977011494252874,0.6797385620915033,0.07106598984771574
version_1,PICAS_ALL_PUBLISHED_PAIRS,NO_CANONICAL_FIXED,test,0.45,627,82,28,435,82,0.7454545454545455,0.5,0.5985401459854015,0.06047516198704104
version_1,PICAS_ALL_PUBLISHED_PAIRS,RAW_FIXED,validation,0.35,284,51,8,189,36,0.864406779661017,0.5862068965517241,0.6986301369863014,0.04060913705583756
version_1,PICAS_ALL_PUBLISHED_PAIRS,RAW_FIXED,test,0.35,627,78,22,441,86,0.78,0.47560975609756095,0.5909090909090909,0.047516198704103674
version_1,PICAS_ALL_PUBLISHED_PAIRS,CANONICAL_FIXED,validation,0.2,284,56,19,178,31,0.7466666666666667,0.6436781609195402,0.691358024691358,0.09644670050761421
version_1,PICAS_ALL_PUBLISHED_PAIRS,CANONICAL_FIXED,test,0.2,627,88,50,413,76,0.6376811594202898,0.5365853658536586,0.5827814569536424,0.1079913606911447
version_1,JPLAG_MATCHED_COMMON_COHORT,FULL_FIXED,validation,0.35,284,52,11,186,35,0.8253968253968254,0.5977011494252874,0.6933333333333334,0.05583756345177665
version_1,JPLAG_MATCHED_COMMON_COHORT,FULL_FIXED,test,0.35,627,74,29,434,90,0.7184466019417476,0.45121951219512196,0.5543071161048689,0.06263498920086392
version_1,JPLAG_MATCHED_COMMON_COHORT,NO_CANONICAL_FIXED,validation,0.45,284,52,14,183,35,0.7878787878787878,0.5977011494252874,0.6797385620915033,0.07106598984771574
version_1,JPLAG_MATCHED_COMMON_COHORT,NO_CANONICAL_FIXED,test,0.45,627,82,28,435,82,0.7454545454545455,0.5,0.5985401459854015,0.06047516198704104
version_1,JPLAG_MATCHED_COMMON_COHORT,RAW_FIXED,validation,0.35,284,51,8,189,36,0.864406779661017,0.5862068965517241,0.6986301369863014,0.04060913705583756
version_1,JPLAG_MATCHED_COMMON_COHORT,RAW_FIXED,test,0.35,627,78,22,441,86,0.78,0.47560975609756095,0.5909090909090909,0.047516198704103674
version_1,JPLAG_MATCHED_COMMON_COHORT,CANONICAL_FIXED,validation,0.2,284,56,19,178,31,0.7466666666666667,0.6436781609195402,0.691358024691358,0.09644670050761421
version_1,JPLAG_MATCHED_COMMON_COHORT,CANONICAL_FIXED,test,0.2,627,88,50,413,76,0.6376811594202898,0.5365853658536586,0.5827814569536424,0.1079913606911447
version_1,JPLAG_MATCHED_COMMON_COHORT,JPLAG_FIXED,validation,0.55,284,57,14,183,30,0.8028169014084507,0.6551724137931034,0.7215189873417721,0.07106598984771574
version_1,JPLAG_MATCHED_COMMON_COHORT,JPLAG_FIXED,test,0.55,627,92,44,419,72,0.6764705882352942,0.5609756097560976,0.6133333333333333,0.09503239740820735
version_2,PICAS_ALL_PUBLISHED_PAIRS,FULL_FIXED,validation,0.4,284,64,10,187,23,0.8648648648648649,0.735632183908046,0.7950310559006211,0.050761421319796954
version_2,PICAS_ALL_PUBLISHED_PAIRS,FULL_FIXED,test,0.4,627,106,34,429,58,0.7571428571428571,0.6463414634146342,0.6973684210526315,0.0734341252699784
version_2,PICAS_ALL_PUBLISHED_PAIRS,NO_CANONICAL_FIXED,validation,0.45,284,68,15,182,19,0.8192771084337349,0.7816091954022989,0.8,0.07614213197969544
version_2,PICAS_ALL_PUBLISHED_PAIRS,NO_CANONICAL_FIXED,test,0.45,627,118,39,424,46,0.7515923566878981,0.7195121951219512,0.735202492211838,0.08423326133909287
version_2,PICAS_ALL_PUBLISHED_PAIRS,RAW_FIXED,validation,0.3,284,72,19,178,15,0.7912087912087912,0.8275862068965517,0.8089887640449438,0.09644670050761421
version_2,PICAS_ALL_PUBLISHED_PAIRS,RAW_FIXED,test,0.3,627,120,45,418,44,0.7272727272727273,0.7317073170731707,0.729483282674772,0.09719222462203024
version_2,PICAS_ALL_PUBLISHED_PAIRS,CANONICAL_FIXED,validation,0.25,284,62,12,185,25,0.8378378378378378,0.7126436781609196,0.7701863354037267,0.06091370558375635
version_2,PICAS_ALL_PUBLISHED_PAIRS,CANONICAL_FIXED,test,0.25,627,107,58,405,57,0.6484848484848484,0.6524390243902439,0.6504559270516718,0.12526997840172785
version_2,JPLAG_MATCHED_COMMON_COHORT,FULL_FIXED,validation,0.4,284,64,10,187,23,0.8648648648648649,0.735632183908046,0.7950310559006211,0.050761421319796954
version_2,JPLAG_MATCHED_COMMON_COHORT,FULL_FIXED,test,0.4,625,106,34,428,57,0.7571428571428571,0.6503067484662577,0.6996699669966997,0.0735930735930736
version_2,JPLAG_MATCHED_COMMON_COHORT,NO_CANONICAL_FIXED,validation,0.45,284,68,15,182,19,0.8192771084337349,0.7816091954022989,0.8,0.07614213197969544
version_2,JPLAG_MATCHED_COMMON_COHORT,NO_CANONICAL_FIXED,test,0.45,625,118,39,423,45,0.7515923566878981,0.7239263803680982,0.7375,0.08441558441558442
version_2,JPLAG_MATCHED_COMMON_COHORT,RAW_FIXED,validation,0.3,284,72,19,178,15,0.7912087912087912,0.8275862068965517,0.8089887640449438,0.09644670050761421
version_2,JPLAG_MATCHED_COMMON_COHORT,RAW_FIXED,test,0.3,625,119,45,417,44,0.725609756097561,0.7300613496932515,0.72782874617737,0.09740259740259741
version_2,JPLAG_MATCHED_COMMON_COHORT,CANONICAL_FIXED,validation,0.25,284,62,12,185,25,0.8378378378378378,0.7126436781609196,0.7701863354037267,0.06091370558375635
version_2,JPLAG_MATCHED_COMMON_COHORT,CANONICAL_FIXED,test,0.25,625,106,58,404,57,0.6463414634146342,0.6503067484662577,0.6483180428134556,0.12554112554112554
version_2,JPLAG_MATCHED_COMMON_COHORT,JPLAG_FIXED,validation,0.65,284,70,7,190,17,0.9090909090909091,0.8045977011494253,0.8536585365853658,0.03553299492385787
version_2,JPLAG_MATCHED_COMMON_COHORT,JPLAG_FIXED,test,0.65,625,114,25,437,49,0.8201438848920863,0.6993865030674846,0.7549668874172185,0.05411255411255411
