pair_id,split,reason,score
VALIDATION-SIMPLE-IO-01-RENAME,validation,LLM_SCORE_UNAVAILABLE,
VALIDATION-SIMPLE-IO-01-NATURAL,validation,LLM_SCORE_UNAVAILABLE,
VALIDATION-SIMPLE-IO-01-INDEPENDENT,validation,LLM_SCORE_UNAVAILABLE,
TEST-SIMPLE-IO-01-RENAME,test,LLM_SCORE_UNAVAILABLE,
TEST-SIMPLE-IO-01-NATURAL,test,LLM_SCORE_UNAVAILABLE,
TEST-SIMPLE-IO-01-INDEPENDENT,test,LLM_SCORE_UNAVAILABLE,
TEST-SIMPLE-IO-01-SUSPICIOUS-FORMAT,test,LLM_SCORE_UNAVAILABLE,
VALIDATION-ARRAY-LOOP-01-RENAME,validation,LLM_SCORE_UNAVAILABLE,
VALIDATION-ARRAY-LOOP-01-NATURAL,validation,LLM_SCORE_UNAVAILABLE,
VALIDATION-ARRAY-LOOP-01-INDEPENDENT,validation,LLM_SCORE_UNAVAILABLE,
TEST-ARRAY-LOOP-01-RENAME,test,LLM_SCORE_UNAVAILABLE,
TEST-ARRAY-LOOP-01-NATURAL,test,LLM_SCORE_UNAVAILABLE,
TEST-ARRAY-LOOP-01-INDEPENDENT,test,LLM_SCORE_UNAVAILABLE,
TEST-ARRAY-LOOP-01-SUSPICIOUS-FORMAT,test,LLM_SCORE_UNAVAILABLE,
VALIDATION-SORT-TEMPLATE-01-RENAME,validation,LLM_SCORE_UNAVAILABLE,
VALIDATION-SORT-TEMPLATE-01-NATURAL,validation,LLM_SCORE_UNAVAILABLE,
VALIDATION-SORT-TEMPLATE-01-INDEPENDENT,validation,LLM_SCORE_UNAVAILABLE,
TEST-SORT-TEMPLATE-01-RENAME,test,LLM_SCORE_UNAVAILABLE,
TEST-SORT-TEMPLATE-01-NATURAL,test,LLM_SCORE_UNAVAILABLE,
TEST-SORT-TEMPLATE-01-INDEPENDENT,test,LLM_SCORE_UNAVAILABLE,
TEST-SORT-TEMPLATE-01-SUSPICIOUS-FORMAT,test,LLM_SCORE_UNAVAILABLE,
VALIDATION-DFS-GRAPH-01-RENAME,validation,LLM_SCORE_UNAVAILABLE,
VALIDATION-DFS-GRAPH-01-NATURAL,validation,LLM_SCORE_UNAVAILABLE,
VALIDATION-DFS-GRAPH-01-INDEPENDENT,validation,LLM_SCORE_UNAVAILABLE,
TEST-DFS-GRAPH-01-RENAME,test,LLM_SCORE_UNAVAILABLE,
TEST-DFS-GRAPH-01-NATURAL,test,LLM_SCORE_UNAVAILABLE,
TEST-DFS-GRAPH-01-INDEPENDENT,test,LLM_SCORE_UNAVAILABLE,
TEST-DFS-GRAPH-01-SUSPICIOUS-FORMAT,test,LLM_SCORE_UNAVAILABLE,
VALIDATION-DP-VARIANT-01-RENAME,validation,LLM_SCORE_UNAVAILABLE,
VALIDATION-DP-VARIANT-01-NATURAL,validation,LLM_SCORE_UNAVAILABLE,
VALIDATION-DP-VARIANT-01-INDEPENDENT,validation,LLM_SCORE_UNAVAILABLE,
TEST-DP-VARIANT-01-RENAME,test,LLM_SCORE_UNAVAILABLE,
TEST-DP-VARIANT-01-NATURAL,test,LLM_SCORE_UNAVAILABLE,
TEST-DP-VARIANT-01-INDEPENDENT,test,LLM_SCORE_UNAVAILABLE,
TEST-DP-VARIANT-01-SUSPICIOUS-FORMAT,test,LLM_SCORE_UNAVAILABLE,
SEED-VALIDATION-01-SIMPLE-IO-01-NATURAL_TEMPLATE,validation,LLM_SCORE_UNAVAILABLE,
SEED-VALIDATION-01-SIMPLE-IO-02-PARAMETER_RENAME,validation,LLM_SCORE_UNAVAILABLE,
SEED-VALIDATION-01-SIMPLE-IO-03-FORMAT_COMMENT_CHANGE,validation,LLM_SCORE_UNAVAILABLE,
SEED-VALIDATION-02-ARRAY-LOOP-01-VARIABLE_RENAME,validation,LLM_SCORE_UNAVAILABLE,
SEED-VALIDATION-02-ARRAY-LOOP-02-LOCAL_REORDER,validation,LLM_SCORE_UNAVAILABLE,
SEED-VALIDATION-02-ARRAY-LOOP-03-INDEPENDENT_SOLUTION,validation,LLM_SCORE_UNAVAILABLE,
SEED-VALIDATION-03-SORT-TEMPLATE-01-FUNCTION_RENAME,validation,LLM_SCORE_UNAVAILABLE,
SEED-VALIDATION-03-SORT-TEMPLATE-02-HUMAN_REWRITE,validation,LLM_SCORE_UNAVAILABLE,
SEED-VALIDATION-03-SORT-TEMPLATE-03-COMMON_STRUCTURE,validation,LLM_SCORE_UNAVAILABLE,
SEED-VALIDATION-04-STRING-PROCESSING-01-SPLIT_MERGE,validation,LLM_SCORE_UNAVAILABLE,
SEED-VALIDATION-04-STRING-PROCESSING-02-UNSUPPORTED_SYNTAX,validation,LLM_SCORE_UNAVAILABLE,
SEED-VALIDATION-05-DFS-GRAPH-02-VARIABLE_RENAME,validation,LLM_SCORE_UNAVAILABLE,
SEED-VALIDATION-05-DFS-GRAPH-03-NATURAL_TEMPLATE,validation,LLM_SCORE_UNAVAILABLE,
SEED-VALIDATION-06-BFS-GRAPH-01-HUMAN_REWRITE,validation,LLM_SCORE_UNAVAILABLE,
SEED-VALIDATION-06-BFS-GRAPH-02-FUNCTION_RENAME,validation,LLM_SCORE_UNAVAILABLE,
SEED-VALIDATION-06-BFS-GRAPH-03-INDEPENDENT_SOLUTION,validation,LLM_SCORE_UNAVAILABLE,
SEED-VALIDATION-07-DP-VARIANT-01-SPLIT_MERGE,validation,LLM_SCORE_UNAVAILABLE,
SEED-VALIDATION-07-DP-VARIANT-02-PARAMETER_RENAME,validation,LLM_SCORE_UNAVAILABLE,
SEED-VALIDATION-07-DP-VARIANT-03-COMMON_STRUCTURE,validation,LLM_SCORE_UNAVAILABLE,
SEED-VALIDATION-08-SIMULATION-01-LOCAL_REORDER,validation,LLM_SCORE_UNAVAILABLE,
SEED-TEST-01-SIMPLE-IO-01-HUMAN_REWRITE,test,LLM_SCORE_UNAVAILABLE,
SEED-TEST-01-SIMPLE-IO-02-INDEPENDENT_SOLUTION,test,LLM_SCORE_UNAVAILABLE,
SEED-TEST-02-ARRAY-LOOP-01-NATURAL_TEMPLATE,test,LLM_SCORE_UNAVAILABLE,
SEED-TEST-02-ARRAY-LOOP-02-VARIABLE_RENAME,test,LLM_SCORE_UNAVAILABLE,
SEED-TEST-02-ARRAY-LOOP-03-UNSUPPORTED_SYNTAX,test,LLM_SCORE_UNAVAILABLE,
SEED-TEST-03-SORT-TEMPLATE-01-FORMAT_COMMENT_CHANGE,test,LLM_SCORE_UNAVAILABLE,
SEED-TEST-03-SORT-TEMPLATE-02-LOCAL_REORDER,test,LLM_SCORE_UNAVAILABLE,
SEED-TEST-04-STRING-PROCESSING-01-FUNCTION_RENAME,test,LLM_SCORE_UNAVAILABLE,
SEED-TEST-04-STRING-PROCESSING-02-PARAMETER_RENAME,test,LLM_SCORE_UNAVAILABLE,
SEED-TEST-04-STRING-PROCESSING-03-COMMON_STRUCTURE,test,LLM_SCORE_UNAVAILABLE,
SEED-TEST-05-DFS-GRAPH-01-SPLIT_MERGE,test,LLM_SCORE_UNAVAILABLE,
SEED-TEST-05-DFS-GRAPH-02-HUMAN_REWRITE,test,LLM_SCORE_UNAVAILABLE,
SEED-TEST-05-DFS-GRAPH-03-NATURAL_TEMPLATE,test,LLM_SCORE_UNAVAILABLE,
SEED-TEST-06-BFS-GRAPH-02-COMMON_STRUCTURE,test,LLM_SCORE_UNAVAILABLE,
SEED-TEST-06-BFS-GRAPH-03-UNSUPPORTED_SYNTAX,test,LLM_SCORE_UNAVAILABLE,
SEED-TEST-07-DP-VARIANT-01-VARIABLE_RENAME,test,LLM_SCORE_UNAVAILABLE,
SEED-TEST-07-DP-VARIANT-02-FORMAT_COMMENT_CHANGE,test,LLM_SCORE_UNAVAILABLE,
SEED-TEST-07-DP-VARIANT-03-INDEPENDENT_SOLUTION,test,LLM_SCORE_UNAVAILABLE,
SEED-TEST-08-SIMULATION-01-LOCAL_REORDER,test,LLM_SCORE_UNAVAILABLE,
SEED-TEST-08-SIMULATION-02-SPLIT_MERGE,test,LLM_SCORE_UNAVAILABLE,
