method,scope,split,threshold,n,tp,fp,tn,fn,precision,recall,f1,fpr,natural_n,natural_fpr
PICAS_FIXED,COMMON_THREE,validation,,0,0,0,0,0,,,,,0,
PICAS_FIXED,COMMON_THREE,test,,0,0,0,0,0,,,,,0,
PICAS_RULE_DYNAMIC,COMMON_THREE,validation,0.0,0,0,0,0,0,,,,,0,
PICAS_RULE_DYNAMIC,COMMON_THREE,test,0.0,0,0,0,0,0,,,,,0,
JPLAG,COMMON_THREE,validation,,0,0,0,0,0,,,,,0,
JPLAG,COMMON_THREE,test,,0,0,0,0,0,,,,,0,
DIRECT_LLM,COMMON_THREE,validation,,0,0,0,0,0,,,,,0,
DIRECT_LLM,COMMON_THREE,test,,0,0,0,0,0,,,,,0,
PICAS_FIXED,COMMON_PICAS_JPLAG,validation,0.3,34,16,8,8,2,0.6666666666666666,0.8888888888888888,0.7619047619047619,0.5,7,1.0
PICAS_FIXED,COMMON_PICAS_JPLAG,test,0.3,38,20,10,6,2,0.6666666666666666,0.9090909090909091,0.7692307692307693,0.625,7,1.0
PICAS_RULE_DYNAMIC,COMMON_PICAS_JPLAG,validation,0.0,34,10,4,12,8,0.7142857142857143,0.5555555555555556,0.625,0.25,7,0.5714285714285714
PICAS_RULE_DYNAMIC,COMMON_PICAS_JPLAG,test,0.0,38,13,4,12,9,0.7647058823529411,0.5909090909090909,0.6666666666666666,0.25,7,0.5714285714285714
JPLAG,COMMON_PICAS_JPLAG,validation,0.7,34,14,5,11,4,0.7368421052631579,0.7777777777777778,0.7567567567567568,0.3125,7,0.7142857142857143
JPLAG,COMMON_PICAS_JPLAG,test,0.7,38,18,6,10,4,0.75,0.8181818181818182,0.782608695652174,0.375,7,0.8571428571428571
PICAS_FIXED,AVAILABLE_DIAGNOSTIC,validation,0.3,35,17,8,8,2,0.68,0.8947368421052632,0.7727272727272727,0.5,7,1.0
PICAS_FIXED,AVAILABLE_DIAGNOSTIC,test,0.3,40,22,10,6,2,0.6875,0.9166666666666666,0.7857142857142857,0.625,7,1.0
PICAS_RULE_DYNAMIC,AVAILABLE_DIAGNOSTIC,validation,0.0,35,10,4,12,9,0.7142857142857143,0.5263157894736842,0.6060606060606061,0.25,7,0.5714285714285714
PICAS_RULE_DYNAMIC,AVAILABLE_DIAGNOSTIC,test,0.0,40,14,4,12,10,0.7777777777777778,0.5833333333333334,0.6666666666666666,0.25,7,0.5714285714285714
JPLAG,AVAILABLE_DIAGNOSTIC,validation,0.7,34,14,5,11,4,0.7368421052631579,0.7777777777777778,0.7567567567567568,0.3125,7,0.7142857142857143
JPLAG,AVAILABLE_DIAGNOSTIC,test,0.7,38,18,6,10,4,0.75,0.8181818181818182,0.782608695652174,0.375,7,0.8571428571428571
DIRECT_LLM,AVAILABLE_DIAGNOSTIC,validation,,0,0,0,0,0,,,,,0,
DIRECT_LLM,AVAILABLE_DIAGNOSTIC,test,,0,0,0,0,0,,,,,0,
