pair_id,problem_id,split,label,score,dynamic_threshold,fixed_threshold,alpha,q_smoothed,q_available,fixed_predicted,rule_predicted,statistical_predicted,decision_source,fallback_reasons,method
TEST-SIMPLE-IO-01-RENAME,TEST-SIMPLE-IO-01,test,TRANSFORMED,0.808,0.851498,0.3,,,False,True,False,False,RULE_FALLBACK,PROBLEM_DISJOINT_TEST_COLD_START | QUERY_IDENTITIES_UNDECLARED | TEMPLATE_CONTEXT_UNDECLARED | SHORT_EFFECTIVE_CODE | COLD_START_NO_MATCHED_REFERENCE | VALIDATION_ALPHA_UNAVAILABLE,RULE_DYNAMIC
TEST-SIMPLE-IO-01-RENAME,TEST-SIMPLE-IO-01,test,TRANSFORMED,0.808,0.851498,0.3,,,False,True,False,False,RULE_FALLBACK,PROBLEM_DISJOINT_TEST_COLD_START | QUERY_IDENTITIES_UNDECLARED | TEMPLATE_CONTEXT_UNDECLARED | SHORT_EFFECTIVE_CODE | COLD_START_NO_MATCHED_REFERENCE | VALIDATION_ALPHA_UNAVAILABLE,STATISTICAL_WITH_RULE_FALLBACK
TEST-SIMPLE-IO-01-NATURAL,TEST-SIMPLE-IO-01,test,NATURAL_SIMILAR,0.690588,0.851498,0.3,,,False,True,False,False,RULE_FALLBACK,PROBLEM_DISJOINT_TEST_COLD_START | QUERY_IDENTITIES_UNDECLARED | TEMPLATE_CONTEXT_UNDECLARED | SHORT_EFFECTIVE_CODE | COLD_START_NO_MATCHED_REFERENCE | VALIDATION_ALPHA_UNAVAILABLE,FIXED
TEST-SIMPLE-IO-01-INDEPENDENT,TEST-SIMPLE-IO-01,test,INDEPENDENT,0.341763,0.851498,0.3,,,False,True,False,False,RULE_FALLBACK,PROBLEM_DISJOINT_TEST_COLD_START | QUERY_IDENTITIES_UNDECLARED | TEMPLATE_CONTEXT_UNDECLARED | SHORT_EFFECTIVE_CODE | COLD_START_NO_MATCHED_REFERENCE | VALIDATION_ALPHA_UNAVAILABLE,FIXED
TEST-SIMPLE-IO-01-SUSPICIOUS-FORMAT,TEST-SIMPLE-IO-01,test,SUSPICIOUS,0.808,0.851498,0.3,,,False,True,False,False,RULE_FALLBACK,PROBLEM_DISJOINT_TEST_COLD_START | QUERY_IDENTITIES_UNDECLARED | TEMPLATE_CONTEXT_UNDECLARED | SHORT_EFFECTIVE_CODE | COLD_START_NO_MATCHED_REFERENCE | VALIDATION_ALPHA_UNAVAILABLE,RULE_DYNAMIC
TEST-SIMPLE-IO-01-SUSPICIOUS-FORMAT,TEST-SIMPLE-IO-01,test,SUSPICIOUS,0.808,0.851498,0.3,,,False,True,False,False,RULE_FALLBACK,PROBLEM_DISJOINT_TEST_COLD_START | QUERY_IDENTITIES_UNDECLARED | TEMPLATE_CONTEXT_UNDECLARED | SHORT_EFFECTIVE_CODE | COLD_START_NO_MATCHED_REFERENCE | VALIDATION_ALPHA_UNAVAILABLE,STATISTICAL_WITH_RULE_FALLBACK
TEST-ARRAY-LOOP-01-NATURAL,TEST-ARRAY-LOOP-01,test,NATURAL_SIMILAR,0.53544,0.807,0.3,,,False,True,False,False,RULE_FALLBACK,PROBLEM_DISJOINT_TEST_COLD_START | QUERY_IDENTITIES_UNDECLARED | TEMPLATE_CONTEXT_UNDECLARED | SHORT_EFFECTIVE_CODE | COLD_START_NO_MATCHED_REFERENCE | VALIDATION_ALPHA_UNAVAILABLE,FIXED
TEST-SORT-TEMPLATE-01-NATURAL,TEST-SORT-TEMPLATE-01,test,NATURAL_SIMILAR,0.912777,0.806648,0.3,,,False,True,True,True,RULE_FALLBACK,PROBLEM_DISJOINT_TEST_COLD_START | QUERY_IDENTITIES_UNDECLARED | TEMPLATE_CONTEXT_UNDECLARED | COLD_START_NO_MATCHED_REFERENCE | VALIDATION_ALPHA_UNAVAILABLE,FIXED
TEST-SORT-TEMPLATE-01-NATURAL,TEST-SORT-TEMPLATE-01,test,NATURAL_SIMILAR,0.912777,0.806648,0.3,,,False,True,True,True,RULE_FALLBACK,PROBLEM_DISJOINT_TEST_COLD_START | QUERY_IDENTITIES_UNDECLARED | TEMPLATE_CONTEXT_UNDECLARED | COLD_START_NO_MATCHED_REFERENCE | VALIDATION_ALPHA_UNAVAILABLE,RULE_DYNAMIC
TEST-SORT-TEMPLATE-01-NATURAL,TEST-SORT-TEMPLATE-01,test,NATURAL_SIMILAR,0.912777,0.806648,0.3,,,False,True,True,True,RULE_FALLBACK,PROBLEM_DISJOINT_TEST_COLD_START | QUERY_IDENTITIES_UNDECLARED | TEMPLATE_CONTEXT_UNDECLARED | COLD_START_NO_MATCHED_REFERENCE | VALIDATION_ALPHA_UNAVAILABLE,STATISTICAL_WITH_RULE_FALLBACK
TEST-DFS-GRAPH-01-NATURAL,TEST-DFS-GRAPH-01,test,NATURAL_SIMILAR,0.855833,0.758878,0.3,,,False,True,True,True,RULE_FALLBACK,PROBLEM_DISJOINT_TEST_COLD_START | QUERY_IDENTITIES_UNDECLARED | TEMPLATE_CONTEXT_UNDECLARED | COLD_START_NO_MATCHED_REFERENCE | VALIDATION_ALPHA_UNAVAILABLE,FIXED
TEST-DFS-GRAPH-01-NATURAL,TEST-DFS-GRAPH-01,test,NATURAL_SIMILAR,0.855833,0.758878,0.3,,,False,True,True,True,RULE_FALLBACK,PROBLEM_DISJOINT_TEST_COLD_START | QUERY_IDENTITIES_UNDECLARED | TEMPLATE_CONTEXT_UNDECLARED | COLD_START_NO_MATCHED_REFERENCE | VALIDATION_ALPHA_UNAVAILABLE,RULE_DYNAMIC
TEST-DFS-GRAPH-01-NATURAL,TEST-DFS-GRAPH-01,test,NATURAL_SIMILAR,0.855833,0.758878,0.3,,,False,True,True,True,RULE_FALLBACK,PROBLEM_DISJOINT_TEST_COLD_START | QUERY_IDENTITIES_UNDECLARED | TEMPLATE_CONTEXT_UNDECLARED | COLD_START_NO_MATCHED_REFERENCE | VALIDATION_ALPHA_UNAVAILABLE,STATISTICAL_WITH_RULE_FALLBACK
TEST-DP-VARIANT-01-RENAME,TEST-DP-VARIANT-01,test,TRANSFORMED,0.809231,0.813468,0.3,,,False,True,False,False,RULE_FALLBACK,PROBLEM_DISJOINT_TEST_COLD_START | QUERY_IDENTITIES_UNDECLARED | TEMPLATE_CONTEXT_UNDECLARED | SHORT_EFFECTIVE_CODE | COLD_START_NO_MATCHED_REFERENCE | VALIDATION_ALPHA_UNAVAILABLE,RULE_DYNAMIC
TEST-DP-VARIANT-01-RENAME,TEST-DP-VARIANT-01,test,TRANSFORMED,0.809231,0.813468,0.3,,,False,True,False,False,RULE_FALLBACK,PROBLEM_DISJOINT_TEST_COLD_START | QUERY_IDENTITIES_UNDECLARED | TEMPLATE_CONTEXT_UNDECLARED | SHORT_EFFECTIVE_CODE | COLD_START_NO_MATCHED_REFERENCE | VALIDATION_ALPHA_UNAVAILABLE,STATISTICAL_WITH_RULE_FALLBACK
TEST-DP-VARIANT-01-NATURAL,TEST-DP-VARIANT-01,test,NATURAL_SIMILAR,0.712023,0.813468,0.3,,,False,True,False,False,RULE_FALLBACK,PROBLEM_DISJOINT_TEST_COLD_START | QUERY_IDENTITIES_UNDECLARED | TEMPLATE_CONTEXT_UNDECLARED | SHORT_EFFECTIVE_CODE | COLD_START_NO_MATCHED_REFERENCE | VALIDATION_ALPHA_UNAVAILABLE,FIXED
TEST-DP-VARIANT-01-SUSPICIOUS-FORMAT,TEST-DP-VARIANT-01,test,SUSPICIOUS,0.809231,0.813468,0.3,,,False,True,False,False,RULE_FALLBACK,PROBLEM_DISJOINT_TEST_COLD_START | QUERY_IDENTITIES_UNDECLARED | TEMPLATE_CONTEXT_UNDECLARED | SHORT_EFFECTIVE_CODE | COLD_START_NO_MATCHED_REFERENCE | VALIDATION_ALPHA_UNAVAILABLE,RULE_DYNAMIC
TEST-DP-VARIANT-01-SUSPICIOUS-FORMAT,TEST-DP-VARIANT-01,test,SUSPICIOUS,0.809231,0.813468,0.3,,,False,True,False,False,RULE_FALLBACK,PROBLEM_DISJOINT_TEST_COLD_START | QUERY_IDENTITIES_UNDECLARED | TEMPLATE_CONTEXT_UNDECLARED | SHORT_EFFECTIVE_CODE | COLD_START_NO_MATCHED_REFERENCE | VALIDATION_ALPHA_UNAVAILABLE,STATISTICAL_WITH_RULE_FALLBACK
SEED-TEST-01-SIMPLE-IO-01-HUMAN_REWRITE,SEED-TEST-01-SIMPLE-IO,test,SUSPICIOUS,0.277198,0.831283,0.3,,,False,False,False,False,RULE_FALLBACK,PROBLEM_DISJOINT_TEST_COLD_START | QUERY_IDENTITIES_UNDECLARED | TEMPLATE_CONTEXT_UNDECLARED | SHORT_EFFECTIVE_CODE | COLD_START_NO_MATCHED_REFERENCE | VALIDATION_ALPHA_UNAVAILABLE,FIXED
SEED-TEST-01-SIMPLE-IO-01-HUMAN_REWRITE,SEED-TEST-01-SIMPLE-IO,test,SUSPICIOUS,0.277198,0.831283,0.3,,,False,False,False,False,RULE_FALLBACK,PROBLEM_DISJOINT_TEST_COLD_START | QUERY_IDENTITIES_UNDECLARED | TEMPLATE_CONTEXT_UNDECLARED | SHORT_EFFECTIVE_CODE | COLD_START_NO_MATCHED_REFERENCE | VALIDATION_ALPHA_UNAVAILABLE,RULE_DYNAMIC
SEED-TEST-01-SIMPLE-IO-01-HUMAN_REWRITE,SEED-TEST-01-SIMPLE-IO,test,SUSPICIOUS,0.277198,0.831283,0.3,,,False,False,False,False,RULE_FALLBACK,PROBLEM_DISJOINT_TEST_COLD_START | QUERY_IDENTITIES_UNDECLARED | TEMPLATE_CONTEXT_UNDECLARED | SHORT_EFFECTIVE_CODE | COLD_START_NO_MATCHED_REFERENCE | VALIDATION_ALPHA_UNAVAILABLE,STATISTICAL_WITH_RULE_FALLBACK
SEED-TEST-01-SIMPLE-IO-02-INDEPENDENT_SOLUTION,SEED-TEST-01-SIMPLE-IO,test,INDEPENDENT,0.359474,0.831283,0.3,,,False,True,False,False,RULE_FALLBACK,PROBLEM_DISJOINT_TEST_COLD_START | QUERY_IDENTITIES_UNDECLARED | TEMPLATE_CONTEXT_UNDECLARED | SHORT_EFFECTIVE_CODE | COLD_START_NO_MATCHED_REFERENCE | VALIDATION_ALPHA_UNAVAILABLE,FIXED
SEED-TEST-02-ARRAY-LOOP-01-NATURAL_TEMPLATE,SEED-TEST-02-ARRAY-LOOP,test,NATURAL_SIMILAR,1.0,0.824366,0.3,,,False,True,True,True,RULE_FALLBACK,PROBLEM_DISJOINT_TEST_COLD_START | QUERY_IDENTITIES_UNDECLARED | TEMPLATE_CONTEXT_UNDECLARED | SHORT_EFFECTIVE_CODE | COLD_START_NO_MATCHED_REFERENCE | VALIDATION_ALPHA_UNAVAILABLE,FIXED
SEED-TEST-02-ARRAY-LOOP-01-NATURAL_TEMPLATE,SEED-TEST-02-ARRAY-LOOP,test,NATURAL_SIMILAR,1.0,0.824366,0.3,,,False,True,True,True,RULE_FALLBACK,PROBLEM_DISJOINT_TEST_COLD_START | QUERY_IDENTITIES_UNDECLARED | TEMPLATE_CONTEXT_UNDECLARED | SHORT_EFFECTIVE_CODE | COLD_START_NO_MATCHED_REFERENCE | VALIDATION_ALPHA_UNAVAILABLE,RULE_DYNAMIC
SEED-TEST-02-ARRAY-LOOP-01-NATURAL_TEMPLATE,SEED-TEST-02-ARRAY-LOOP,test,NATURAL_SIMILAR,1.0,0.824366,0.3,,,False,True,True,True,RULE_FALLBACK,PROBLEM_DISJOINT_TEST_COLD_START | QUERY_IDENTITIES_UNDECLARED | TEMPLATE_CONTEXT_UNDECLARED | SHORT_EFFECTIVE_CODE | COLD_START_NO_MATCHED_REFERENCE | VALIDATION_ALPHA_UNAVAILABLE,STATISTICAL_WITH_RULE_FALLBACK
SEED-TEST-02-ARRAY-LOOP-02-VARIABLE_RENAME,SEED-TEST-02-ARRAY-LOOP,test,TRANSFORMED,0.814634,0.824366,0.3,,,False,True,False,False,RULE_FALLBACK,PROBLEM_DISJOINT_TEST_COLD_START | QUERY_IDENTITIES_UNDECLARED | TEMPLATE_CONTEXT_UNDECLARED | SHORT_EFFECTIVE_CODE | COLD_START_NO_MATCHED_REFERENCE | VALIDATION_ALPHA_UNAVAILABLE,RULE_DYNAMIC
SEED-TEST-02-ARRAY-LOOP-02-VARIABLE_RENAME,SEED-TEST-02-ARRAY-LOOP,test,TRANSFORMED,0.814634,0.824366,0.3,,,False,True,False,False,RULE_FALLBACK,PROBLEM_DISJOINT_TEST_COLD_START | QUERY_IDENTITIES_UNDECLARED | TEMPLATE_CONTEXT_UNDECLARED | SHORT_EFFECTIVE_CODE | COLD_START_NO_MATCHED_REFERENCE | VALIDATION_ALPHA_UNAVAILABLE,STATISTICAL_WITH_RULE_FALLBACK
SEED-TEST-02-ARRAY-LOOP-03-UNSUPPORTED_SYNTAX,SEED-TEST-02-ARRAY-LOOP,test,TRANSFORMED,0.647059,0.824366,0.3,,,False,True,False,False,RULE_FALLBACK,PROBLEM_DISJOINT_TEST_COLD_START | PARSER_OR_NORMALIZATION_FALLBACK | QUERY_IDENTITIES_UNDECLARED | TEMPLATE_CONTEXT_UNDECLARED | SHORT_EFFECTIVE_CODE | COLD_START_NO_MATCHED_REFERENCE | VALIDATION_ALPHA_UNAVAILABLE,RULE_DYNAMIC
SEED-TEST-02-ARRAY-LOOP-03-UNSUPPORTED_SYNTAX,SEED-TEST-02-ARRAY-LOOP,test,TRANSFORMED,0.647059,0.824366,0.3,,,False,True,False,False,RULE_FALLBACK,PROBLEM_DISJOINT_TEST_COLD_START | PARSER_OR_NORMALIZATION_FALLBACK | QUERY_IDENTITIES_UNDECLARED | TEMPLATE_CONTEXT_UNDECLARED | SHORT_EFFECTIVE_CODE | COLD_START_NO_MATCHED_REFERENCE | VALIDATION_ALPHA_UNAVAILABLE,STATISTICAL_WITH_RULE_FALLBACK
SEED-TEST-04-STRING-PROCESSING-03-COMMON_STRUCTURE,SEED-TEST-04-STRING-PROCESSING,test,INDEPENDENT,0.482576,0.85041,0.3,,,False,True,False,False,RULE_FALLBACK,PROBLEM_DISJOINT_TEST_COLD_START | QUERY_IDENTITIES_UNDECLARED | TEMPLATE_CONTEXT_UNDECLARED | SHORT_EFFECTIVE_CODE | COLD_START_NO_MATCHED_REFERENCE | VALIDATION_ALPHA_UNAVAILABLE,FIXED
SEED-TEST-05-DFS-GRAPH-01-SPLIT_MERGE,SEED-TEST-05-DFS-GRAPH,test,TRANSFORMED,0.409957,0.820007,0.3,,,False,True,False,False,RULE_FALLBACK,PROBLEM_DISJOINT_TEST_COLD_START | QUERY_IDENTITIES_UNDECLARED | TEMPLATE_CONTEXT_UNDECLARED | COLD_START_NO_MATCHED_REFERENCE | VALIDATION_ALPHA_UNAVAILABLE,RULE_DYNAMIC
SEED-TEST-05-DFS-GRAPH-01-SPLIT_MERGE,SEED-TEST-05-DFS-GRAPH,test,TRANSFORMED,0.409957,0.820007,0.3,,,False,True,False,False,RULE_FALLBACK,PROBLEM_DISJOINT_TEST_COLD_START | QUERY_IDENTITIES_UNDECLARED | TEMPLATE_CONTEXT_UNDECLARED | COLD_START_NO_MATCHED_REFERENCE | VALIDATION_ALPHA_UNAVAILABLE,STATISTICAL_WITH_RULE_FALLBACK
SEED-TEST-05-DFS-GRAPH-02-HUMAN_REWRITE,SEED-TEST-05-DFS-GRAPH,test,SUSPICIOUS,0.0,0.820007,0.3,,,False,False,False,False,RULE_FALLBACK,PROBLEM_DISJOINT_TEST_COLD_START | PARSER_OR_NORMALIZATION_FALLBACK | QUERY_IDENTITIES_UNDECLARED | TEMPLATE_CONTEXT_UNDECLARED | COLD_START_NO_MATCHED_REFERENCE | VALIDATION_ALPHA_UNAVAILABLE,FIXED
SEED-TEST-05-DFS-GRAPH-02-HUMAN_REWRITE,SEED-TEST-05-DFS-GRAPH,test,SUSPICIOUS,0.0,0.820007,0.3,,,False,False,False,False,RULE_FALLBACK,PROBLEM_DISJOINT_TEST_COLD_START | PARSER_OR_NORMALIZATION_FALLBACK | QUERY_IDENTITIES_UNDECLARED | TEMPLATE_CONTEXT_UNDECLARED | COLD_START_NO_MATCHED_REFERENCE | VALIDATION_ALPHA_UNAVAILABLE,RULE_DYNAMIC
SEED-TEST-05-DFS-GRAPH-02-HUMAN_REWRITE,SEED-TEST-05-DFS-GRAPH,test,SUSPICIOUS,0.0,0.820007,0.3,,,False,False,False,False,RULE_FALLBACK,PROBLEM_DISJOINT_TEST_COLD_START | PARSER_OR_NORMALIZATION_FALLBACK | QUERY_IDENTITIES_UNDECLARED | TEMPLATE_CONTEXT_UNDECLARED | COLD_START_NO_MATCHED_REFERENCE | VALIDATION_ALPHA_UNAVAILABLE,STATISTICAL_WITH_RULE_FALLBACK
SEED-TEST-05-DFS-GRAPH-03-NATURAL_TEMPLATE,SEED-TEST-05-DFS-GRAPH,test,NATURAL_SIMILAR,0.959375,0.820007,0.3,,,False,True,True,True,RULE_FALLBACK,PROBLEM_DISJOINT_TEST_COLD_START | QUERY_IDENTITIES_UNDECLARED | TEMPLATE_CONTEXT_UNDECLARED | COLD_START_NO_MATCHED_REFERENCE | VALIDATION_ALPHA_UNAVAILABLE,FIXED
SEED-TEST-05-DFS-GRAPH-03-NATURAL_TEMPLATE,SEED-TEST-05-DFS-GRAPH,test,NATURAL_SIMILAR,0.959375,0.820007,0.3,,,False,True,True,True,RULE_FALLBACK,PROBLEM_DISJOINT_TEST_COLD_START | QUERY_IDENTITIES_UNDECLARED | TEMPLATE_CONTEXT_UNDECLARED | COLD_START_NO_MATCHED_REFERENCE | VALIDATION_ALPHA_UNAVAILABLE,RULE_DYNAMIC
SEED-TEST-05-DFS-GRAPH-03-NATURAL_TEMPLATE,SEED-TEST-05-DFS-GRAPH,test,NATURAL_SIMILAR,0.959375,0.820007,0.3,,,False,True,True,True,RULE_FALLBACK,PROBLEM_DISJOINT_TEST_COLD_START | QUERY_IDENTITIES_UNDECLARED | TEMPLATE_CONTEXT_UNDECLARED | COLD_START_NO_MATCHED_REFERENCE | VALIDATION_ALPHA_UNAVAILABLE,STATISTICAL_WITH_RULE_FALLBACK
SEED-TEST-08-SIMULATION-02-SPLIT_MERGE,SEED-TEST-08-SIMULATION,test,TRANSFORMED,0.381643,0.831155,0.3,,,False,True,False,False,RULE_FALLBACK,PROBLEM_DISJOINT_TEST_COLD_START | QUERY_IDENTITIES_UNDECLARED | TEMPLATE_CONTEXT_UNDECLARED | SHORT_EFFECTIVE_CODE | COLD_START_NO_MATCHED_REFERENCE | VALIDATION_ALPHA_UNAVAILABLE,RULE_DYNAMIC
SEED-TEST-08-SIMULATION-02-SPLIT_MERGE,SEED-TEST-08-SIMULATION,test,TRANSFORMED,0.381643,0.831155,0.3,,,False,True,False,False,RULE_FALLBACK,PROBLEM_DISJOINT_TEST_COLD_START | QUERY_IDENTITIES_UNDECLARED | TEMPLATE_CONTEXT_UNDECLARED | SHORT_EFFECTIVE_CODE | COLD_START_NO_MATCHED_REFERENCE | VALIDATION_ALPHA_UNAVAILABLE,STATISTICAL_WITH_RULE_FALLBACK
