method,scope,split,n,tp,fp,tn,fn,precision,recall,f1,fpr,natural_n,natural_fpr,suspicious_n,suspicious_recall,calibratable_n
FIXED,ALL_TEST_POLICY,validation,35,17,8,8,2,0.68,0.8947368421052632,0.7727272727272727,0.5,7,1.0,2,0.0,0
RULE_DYNAMIC,ALL_TEST_POLICY,validation,35,10,4,12,9,0.7142857142857143,0.5263157894736842,0.6060606060606061,0.25,7,0.5714285714285714,2,0.0,0
STATISTICAL_WITH_RULE_FALLBACK,ALL_TEST_POLICY,validation,35,10,4,12,9,0.7142857142857143,0.5263157894736842,0.6060606060606061,0.25,7,0.5714285714285714,2,0.0,0
FIXED,ALL_TEST_POLICY,test,40,22,10,6,2,0.6875,0.9166666666666666,0.7857142857142857,0.625,7,1.0,7,0.7142857142857143,0
RULE_DYNAMIC,ALL_TEST_POLICY,test,40,14,4,12,10,0.7777777777777778,0.5833333333333334,0.6666666666666666,0.25,7,0.5714285714285714,7,0.42857142857142855,0
STATISTICAL_WITH_RULE_FALLBACK,ALL_TEST_POLICY,test,40,14,4,12,10,0.7777777777777778,0.5833333333333334,0.6666666666666666,0.25,7,0.5714285714285714,7,0.42857142857142855,0
FIXED,CALIBRATABLE_ONLY,validation,0,0,0,0,0,,,,,0,,0,,0
RULE_DYNAMIC,CALIBRATABLE_ONLY,validation,0,0,0,0,0,,,,,0,,0,,0
STATISTICAL_WITH_RULE_FALLBACK,CALIBRATABLE_ONLY,validation,0,0,0,0,0,,,,,0,,0,,0
FIXED,CALIBRATABLE_ONLY,test,0,0,0,0,0,,,,,0,,0,,0
RULE_DYNAMIC,CALIBRATABLE_ONLY,test,0,0,0,0,0,,,,,0,,0,,0
STATISTICAL_WITH_RULE_FALLBACK,CALIBRATABLE_ONLY,test,0,0,0,0,0,,,,,0,,0,,0
