pair_id,problem_id,split,label,score,dynamic_threshold,fixed_threshold,alpha,q_smoothed,q_available,fixed_predicted,rule_predicted,statistical_predicted,decision_source,fallback_reasons
VALIDATION-SIMPLE-IO-01-RENAME,VALIDATION-SIMPLE-IO-01,validation,TRANSFORMED,0.808,0.851498,0.3,,,False,True,False,False,RULE_FALLBACK,QUERY_IDENTITIES_UNDECLARED | TEMPLATE_CONTEXT_UNDECLARED | SHORT_EFFECTIVE_CODE | COLD_START_NO_MATCHED_REFERENCE | VALIDATION_ALPHA_UNAVAILABLE
VALIDATION-SIMPLE-IO-01-NATURAL,VALIDATION-SIMPLE-IO-01,validation,NATURAL_SIMILAR,0.690588,0.851498,0.3,,,False,True,False,False,RULE_FALLBACK,QUERY_IDENTITIES_UNDECLARED | TEMPLATE_CONTEXT_UNDECLARED | SHORT_EFFECTIVE_CODE | COLD_START_NO_MATCHED_REFERENCE | VALIDATION_ALPHA_UNAVAILABLE
VALIDATION-SIMPLE-IO-01-INDEPENDENT,VALIDATION-SIMPLE-IO-01,validation,INDEPENDENT,0.341763,0.851498,0.3,,,False,True,False,False,RULE_FALLBACK,QUERY_IDENTITIES_UNDECLARED | TEMPLATE_CONTEXT_UNDECLARED | SHORT_EFFECTIVE_CODE | COLD_START_NO_MATCHED_REFERENCE | VALIDATION_ALPHA_UNAVAILABLE
TEST-SIMPLE-IO-01-RENAME,TEST-SIMPLE-IO-01,test,TRANSFORMED,0.808,0.851498,0.3,,,False,True,False,False,RULE_FALLBACK,PROBLEM_DISJOINT_TEST_COLD_START | QUERY_IDENTITIES_UNDECLARED | TEMPLATE_CONTEXT_UNDECLARED | SHORT_EFFECTIVE_CODE | COLD_START_NO_MATCHED_REFERENCE | VALIDATION_ALPHA_UNAVAILABLE
TEST-SIMPLE-IO-01-NATURAL,TEST-SIMPLE-IO-01,test,NATURAL_SIMILAR,0.690588,0.851498,0.3,,,False,True,False,False,RULE_FALLBACK,PROBLEM_DISJOINT_TEST_COLD_START | QUERY_IDENTITIES_UNDECLARED | TEMPLATE_CONTEXT_UNDECLARED | SHORT_EFFECTIVE_CODE | COLD_START_NO_MATCHED_REFERENCE | VALIDATION_ALPHA_UNAVAILABLE
TEST-SIMPLE-IO-01-INDEPENDENT,TEST-SIMPLE-IO-01,test,INDEPENDENT,0.341763,0.851498,0.3,,,False,True,False,False,RULE_FALLBACK,PROBLEM_DISJOINT_TEST_COLD_START | QUERY_IDENTITIES_UNDECLARED | TEMPLATE_CONTEXT_UNDECLARED | SHORT_EFFECTIVE_CODE | COLD_START_NO_MATCHED_REFERENCE | VALIDATION_ALPHA_UNAVAILABLE
TEST-SIMPLE-IO-01-SUSPICIOUS-FORMAT,TEST-SIMPLE-IO-01,test,SUSPICIOUS,0.808,0.851498,0.3,,,False,True,False,False,RULE_FALLBACK,PROBLEM_DISJOINT_TEST_COLD_START | QUERY_IDENTITIES_UNDECLARED | TEMPLATE_CONTEXT_UNDECLARED | SHORT_EFFECTIVE_CODE | COLD_START_NO_MATCHED_REFERENCE | VALIDATION_ALPHA_UNAVAILABLE
VALIDATION-ARRAY-LOOP-01-RENAME,VALIDATION-ARRAY-LOOP-01,validation,TRANSFORMED,0.814634,0.807,0.3,,,False,True,True,True,RULE_FALLBACK,QUERY_IDENTITIES_UNDECLARED | TEMPLATE_CONTEXT_UNDECLARED | SHORT_EFFECTIVE_CODE | COLD_START_NO_MATCHED_REFERENCE | VALIDATION_ALPHA_UNAVAILABLE
VALIDATION-ARRAY-LOOP-01-NATURAL,VALIDATION-ARRAY-LOOP-01,validation,NATURAL_SIMILAR,0.53544,0.807,0.3,,,False,True,False,False,RULE_FALLBACK,QUERY_IDENTITIES_UNDECLARED | TEMPLATE_CONTEXT_UNDECLARED | SHORT_EFFECTIVE_CODE | COLD_START_NO_MATCHED_REFERENCE | VALIDATION_ALPHA_UNAVAILABLE
VALIDATION-ARRAY-LOOP-01-INDEPENDENT,VALIDATION-ARRAY-LOOP-01,validation,INDEPENDENT,0.170911,0.807,0.3,,,False,False,False,False,RULE_FALLBACK,QUERY_IDENTITIES_UNDECLARED | TEMPLATE_CONTEXT_UNDECLARED | SHORT_EFFECTIVE_CODE | COLD_START_NO_MATCHED_REFERENCE | VALIDATION_ALPHA_UNAVAILABLE
TEST-ARRAY-LOOP-01-RENAME,TEST-ARRAY-LOOP-01,test,TRANSFORMED,0.814634,0.807,0.3,,,False,True,True,True,RULE_FALLBACK,PROBLEM_DISJOINT_TEST_COLD_START | QUERY_IDENTITIES_UNDECLARED | TEMPLATE_CONTEXT_UNDECLARED | SHORT_EFFECTIVE_CODE | COLD_START_NO_MATCHED_REFERENCE | VALIDATION_ALPHA_UNAVAILABLE
TEST-ARRAY-LOOP-01-NATURAL,TEST-ARRAY-LOOP-01,test,NATURAL_SIMILAR,0.53544,0.807,0.3,,,False,True,False,False,RULE_FALLBACK,PROBLEM_DISJOINT_TEST_COLD_START | QUERY_IDENTITIES_UNDECLARED | TEMPLATE_CONTEXT_UNDECLARED | SHORT_EFFECTIVE_CODE | COLD_START_NO_MATCHED_REFERENCE | VALIDATION_ALPHA_UNAVAILABLE
TEST-ARRAY-LOOP-01-INDEPENDENT,TEST-ARRAY-LOOP-01,test,INDEPENDENT,0.170911,0.807,0.3,,,False,False,False,False,RULE_FALLBACK,PROBLEM_DISJOINT_TEST_COLD_START | QUERY_IDENTITIES_UNDECLARED | TEMPLATE_CONTEXT_UNDECLARED | SHORT_EFFECTIVE_CODE | COLD_START_NO_MATCHED_REFERENCE | VALIDATION_ALPHA_UNAVAILABLE
TEST-ARRAY-LOOP-01-SUSPICIOUS-FORMAT,TEST-ARRAY-LOOP-01,test,SUSPICIOUS,0.814634,0.807,0.3,,,False,True,True,True,RULE_FALLBACK,PROBLEM_DISJOINT_TEST_COLD_START | QUERY_IDENTITIES_UNDECLARED | TEMPLATE_CONTEXT_UNDECLARED | SHORT_EFFECTIVE_CODE | COLD_START_NO_MATCHED_REFERENCE | VALIDATION_ALPHA_UNAVAILABLE
VALIDATION-SORT-TEMPLATE-01-RENAME,VALIDATION-SORT-TEMPLATE-01,validation,TRANSFORMED,0.828571,0.806648,0.3,,,False,True,True,True,RULE_FALLBACK,QUERY_IDENTITIES_UNDECLARED | TEMPLATE_CONTEXT_UNDECLARED | COLD_START_NO_MATCHED_REFERENCE | VALIDATION_ALPHA_UNAVAILABLE
VALIDATION-SORT-TEMPLATE-01-NATURAL,VALIDATION-SORT-TEMPLATE-01,validation,NATURAL_SIMILAR,0.912777,0.806648,0.3,,,False,True,True,True,RULE_FALLBACK,QUERY_IDENTITIES_UNDECLARED | TEMPLATE_CONTEXT_UNDECLARED | COLD_START_NO_MATCHED_REFERENCE | VALIDATION_ALPHA_UNAVAILABLE
VALIDATION-SORT-TEMPLATE-01-INDEPENDENT,VALIDATION-SORT-TEMPLATE-01,validation,INDEPENDENT,0.10601,0.806648,0.3,,,False,False,False,False,RULE_FALLBACK,QUERY_IDENTITIES_UNDECLARED | TEMPLATE_CONTEXT_UNDECLARED | SHORT_EFFECTIVE_CODE | COLD_START_NO_MATCHED_REFERENCE | VALIDATION_ALPHA_UNAVAILABLE
TEST-SORT-TEMPLATE-01-RENAME,TEST-SORT-TEMPLATE-01,test,TRANSFORMED,0.820183,0.806648,0.3,,,False,True,True,True,RULE_FALLBACK,PROBLEM_DISJOINT_TEST_COLD_START | QUERY_IDENTITIES_UNDECLARED | TEMPLATE_CONTEXT_UNDECLARED | COLD_START_NO_MATCHED_REFERENCE | VALIDATION_ALPHA_UNAVAILABLE
TEST-SORT-TEMPLATE-01-NATURAL,TEST-SORT-TEMPLATE-01,test,NATURAL_SIMILAR,0.912777,0.806648,0.3,,,False,True,True,True,RULE_FALLBACK,PROBLEM_DISJOINT_TEST_COLD_START | QUERY_IDENTITIES_UNDECLARED | TEMPLATE_CONTEXT_UNDECLARED | COLD_START_NO_MATCHED_REFERENCE | VALIDATION_ALPHA_UNAVAILABLE
TEST-SORT-TEMPLATE-01-INDEPENDENT,TEST-SORT-TEMPLATE-01,test,INDEPENDENT,0.10601,0.806648,0.3,,,False,False,False,False,RULE_FALLBACK,PROBLEM_DISJOINT_TEST_COLD_START | QUERY_IDENTITIES_UNDECLARED | TEMPLATE_CONTEXT_UNDECLARED | SHORT_EFFECTIVE_CODE | COLD_START_NO_MATCHED_REFERENCE | VALIDATION_ALPHA_UNAVAILABLE
TEST-SORT-TEMPLATE-01-SUSPICIOUS-FORMAT,TEST-SORT-TEMPLATE-01,test,SUSPICIOUS,0.820183,0.806648,0.3,,,False,True,True,True,RULE_FALLBACK,PROBLEM_DISJOINT_TEST_COLD_START | QUERY_IDENTITIES_UNDECLARED | TEMPLATE_CONTEXT_UNDECLARED | COLD_START_NO_MATCHED_REFERENCE | VALIDATION_ALPHA_UNAVAILABLE
VALIDATION-DFS-GRAPH-01-RENAME,VALIDATION-DFS-GRAPH-01,validation,TRANSFORMED,0.814141,0.758878,0.3,,,False,True,True,True,RULE_FALLBACK,QUERY_IDENTITIES_UNDECLARED | TEMPLATE_CONTEXT_UNDECLARED | COLD_START_NO_MATCHED_REFERENCE | VALIDATION_ALPHA_UNAVAILABLE
VALIDATION-DFS-GRAPH-01-NATURAL,VALIDATION-DFS-GRAPH-01,validation,NATURAL_SIMILAR,0.855833,0.758878,0.3,,,False,True,True,True,RULE_FALLBACK,QUERY_IDENTITIES_UNDECLARED | TEMPLATE_CONTEXT_UNDECLARED | COLD_START_NO_MATCHED_REFERENCE | VALIDATION_ALPHA_UNAVAILABLE
VALIDATION-DFS-GRAPH-01-INDEPENDENT,VALIDATION-DFS-GRAPH-01,validation,INDEPENDENT,0.242798,0.758878,0.3,,,False,False,False,False,RULE_FALLBACK,QUERY_IDENTITIES_UNDECLARED | TEMPLATE_CONTEXT_UNDECLARED | COLD_START_NO_MATCHED_REFERENCE | VALIDATION_ALPHA_UNAVAILABLE
TEST-DFS-GRAPH-01-RENAME,TEST-DFS-GRAPH-01,test,TRANSFORMED,0.814141,0.758878,0.3,,,False,True,True,True,RULE_FALLBACK,PROBLEM_DISJOINT_TEST_COLD_START | QUERY_IDENTITIES_UNDECLARED | TEMPLATE_CONTEXT_UNDECLARED | COLD_START_NO_MATCHED_REFERENCE | VALIDATION_ALPHA_UNAVAILABLE
TEST-DFS-GRAPH-01-NATURAL,TEST-DFS-GRAPH-01,test,NATURAL_SIMILAR,0.855833,0.758878,0.3,,,False,True,True,True,RULE_FALLBACK,PROBLEM_DISJOINT_TEST_COLD_START | QUERY_IDENTITIES_UNDECLARED | TEMPLATE_CONTEXT_UNDECLARED | COLD_START_NO_MATCHED_REFERENCE | VALIDATION_ALPHA_UNAVAILABLE
TEST-DFS-GRAPH-01-INDEPENDENT,TEST-DFS-GRAPH-01,test,INDEPENDENT,0.242798,0.758878,0.3,,,False,False,False,False,RULE_FALLBACK,PROBLEM_DISJOINT_TEST_COLD_START | QUERY_IDENTITIES_UNDECLARED | TEMPLATE_CONTEXT_UNDECLARED | COLD_START_NO_MATCHED_REFERENCE | VALIDATION_ALPHA_UNAVAILABLE
TEST-DFS-GRAPH-01-SUSPICIOUS-FORMAT,TEST-DFS-GRAPH-01,test,SUSPICIOUS,0.814141,0.758878,0.3,,,False,True,True,True,RULE_FALLBACK,PROBLEM_DISJOINT_TEST_COLD_START | QUERY_IDENTITIES_UNDECLARED | TEMPLATE_CONTEXT_UNDECLARED | COLD_START_NO_MATCHED_REFERENCE | VALIDATION_ALPHA_UNAVAILABLE
VALIDATION-DP-VARIANT-01-RENAME,VALIDATION-DP-VARIANT-01,validation,TRANSFORMED,0.809231,0.813468,0.3,,,False,True,False,False,RULE_FALLBACK,QUERY_IDENTITIES_UNDECLARED | TEMPLATE_CONTEXT_UNDECLARED | SHORT_EFFECTIVE_CODE | COLD_START_NO_MATCHED_REFERENCE | VALIDATION_ALPHA_UNAVAILABLE
VALIDATION-DP-VARIANT-01-NATURAL,VALIDATION-DP-VARIANT-01,validation,NATURAL_SIMILAR,0.712023,0.813468,0.3,,,False,True,False,False,RULE_FALLBACK,QUERY_IDENTITIES_UNDECLARED | TEMPLATE_CONTEXT_UNDECLARED | SHORT_EFFECTIVE_CODE | COLD_START_NO_MATCHED_REFERENCE | VALIDATION_ALPHA_UNAVAILABLE
VALIDATION-DP-VARIANT-01-INDEPENDENT,VALIDATION-DP-VARIANT-01,validation,INDEPENDENT,0.160584,0.813468,0.3,,,False,False,False,False,RULE_FALLBACK,QUERY_IDENTITIES_UNDECLARED | TEMPLATE_CONTEXT_UNDECLARED | SHORT_EFFECTIVE_CODE | COLD_START_NO_MATCHED_REFERENCE | VALIDATION_ALPHA_UNAVAILABLE
TEST-DP-VARIANT-01-RENAME,TEST-DP-VARIANT-01,test,TRANSFORMED,0.809231,0.813468,0.3,,,False,True,False,False,RULE_FALLBACK,PROBLEM_DISJOINT_TEST_COLD_START | QUERY_IDENTITIES_UNDECLARED | TEMPLATE_CONTEXT_UNDECLARED | SHORT_EFFECTIVE_CODE | COLD_START_NO_MATCHED_REFERENCE | VALIDATION_ALPHA_UNAVAILABLE
TEST-DP-VARIANT-01-NATURAL,TEST-DP-VARIANT-01,test,NATURAL_SIMILAR,0.712023,0.813468,0.3,,,False,True,False,False,RULE_FALLBACK,PROBLEM_DISJOINT_TEST_COLD_START | QUERY_IDENTITIES_UNDECLARED | TEMPLATE_CONTEXT_UNDECLARED | SHORT_EFFECTIVE_CODE | COLD_START_NO_MATCHED_REFERENCE | VALIDATION_ALPHA_UNAVAILABLE
TEST-DP-VARIANT-01-INDEPENDENT,TEST-DP-VARIANT-01,test,INDEPENDENT,0.160584,0.813468,0.3,,,False,False,False,False,RULE_FALLBACK,PROBLEM_DISJOINT_TEST_COLD_START | QUERY_IDENTITIES_UNDECLARED | TEMPLATE_CONTEXT_UNDECLARED | SHORT_EFFECTIVE_CODE | COLD_START_NO_MATCHED_REFERENCE | VALIDATION_ALPHA_UNAVAILABLE
TEST-DP-VARIANT-01-SUSPICIOUS-FORMAT,TEST-DP-VARIANT-01,test,SUSPICIOUS,0.809231,0.813468,0.3,,,False,True,False,False,RULE_FALLBACK,PROBLEM_DISJOINT_TEST_COLD_START | QUERY_IDENTITIES_UNDECLARED | TEMPLATE_CONTEXT_UNDECLARED | SHORT_EFFECTIVE_CODE | COLD_START_NO_MATCHED_REFERENCE | VALIDATION_ALPHA_UNAVAILABLE
SEED-VALIDATION-01-SIMPLE-IO-01-NATURAL_TEMPLATE,SEED-VALIDATION-01-SIMPLE-IO,validation,NATURAL_SIMILAR,0.855556,0.831283,0.3,,,False,True,True,True,RULE_FALLBACK,QUERY_IDENTITIES_UNDECLARED | TEMPLATE_CONTEXT_UNDECLARED | SHORT_EFFECTIVE_CODE | COLD_START_NO_MATCHED_REFERENCE | VALIDATION_ALPHA_UNAVAILABLE
SEED-VALIDATION-01-SIMPLE-IO-02-PARAMETER_RENAME,SEED-VALIDATION-01-SIMPLE-IO,validation,TRANSFORMED,0.84,0.831283,0.3,,,False,True,True,True,RULE_FALLBACK,QUERY_IDENTITIES_UNDECLARED | TEMPLATE_CONTEXT_UNDECLARED | SHORT_EFFECTIVE_CODE | COLD_START_NO_MATCHED_REFERENCE | VALIDATION_ALPHA_UNAVAILABLE
SEED-VALIDATION-01-SIMPLE-IO-03-FORMAT_COMMENT_CHANGE,SEED-VALIDATION-01-SIMPLE-IO,validation,TRANSFORMED,1.0,0.831283,0.3,,,False,True,True,True,RULE_FALLBACK,QUERY_IDENTITIES_UNDECLARED | TEMPLATE_CONTEXT_UNDECLARED | SHORT_EFFECTIVE_CODE | COLD_START_NO_MATCHED_REFERENCE | VALIDATION_ALPHA_UNAVAILABLE
SEED-VALIDATION-02-ARRAY-LOOP-01-VARIABLE_RENAME,SEED-VALIDATION-02-ARRAY-LOOP,validation,TRANSFORMED,0.858065,0.824366,0.3,,,False,True,True,True,RULE_FALLBACK,QUERY_IDENTITIES_UNDECLARED | TEMPLATE_CONTEXT_UNDECLARED | COLD_START_NO_MATCHED_REFERENCE | VALIDATION_ALPHA_UNAVAILABLE
SEED-VALIDATION-02-ARRAY-LOOP-02-LOCAL_REORDER,SEED-VALIDATION-02-ARRAY-LOOP,validation,TRANSFORMED,0.772005,0.824366,0.3,,,False,True,False,False,RULE_FALLBACK,QUERY_IDENTITIES_UNDECLARED | TEMPLATE_CONTEXT_UNDECLARED | SHORT_EFFECTIVE_CODE | COLD_START_NO_MATCHED_REFERENCE | VALIDATION_ALPHA_UNAVAILABLE
SEED-VALIDATION-02-ARRAY-LOOP-03-INDEPENDENT_SOLUTION,SEED-VALIDATION-02-ARRAY-LOOP,validation,INDEPENDENT,0.1,0.824366,0.3,,,False,False,False,False,RULE_FALLBACK,PARSER_OR_NORMALIZATION_FALLBACK | QUERY_IDENTITIES_UNDECLARED | TEMPLATE_CONTEXT_UNDECLARED | SHORT_EFFECTIVE_CODE | COLD_START_NO_MATCHED_REFERENCE | VALIDATION_ALPHA_UNAVAILABLE
SEED-VALIDATION-03-SORT-TEMPLATE-01-FUNCTION_RENAME,SEED-VALIDATION-03-SORT-TEMPLATE,validation,TRANSFORMED,0.972093,0.830995,0.3,,,False,True,True,True,RULE_FALLBACK,QUERY_IDENTITIES_UNDECLARED | TEMPLATE_CONTEXT_UNDECLARED | COLD_START_NO_MATCHED_REFERENCE | VALIDATION_ALPHA_UNAVAILABLE
SEED-VALIDATION-03-SORT-TEMPLATE-02-HUMAN_REWRITE,SEED-VALIDATION-03-SORT-TEMPLATE,validation,SUSPICIOUS,0.09957,0.830995,0.3,,,False,False,False,False,RULE_FALLBACK,QUERY_IDENTITIES_UNDECLARED | TEMPLATE_CONTEXT_UNDECLARED | SHORT_EFFECTIVE_CODE | COLD_START_NO_MATCHED_REFERENCE | VALIDATION_ALPHA_UNAVAILABLE
SEED-VALIDATION-03-SORT-TEMPLATE-03-COMMON_STRUCTURE,SEED-VALIDATION-03-SORT-TEMPLATE,validation,INDEPENDENT,0.179,0.830995,0.3,,,False,False,False,False,RULE_FALLBACK,QUERY_IDENTITIES_UNDECLARED | TEMPLATE_CONTEXT_UNDECLARED | SHORT_EFFECTIVE_CODE | COLD_START_NO_MATCHED_REFERENCE | VALIDATION_ALPHA_UNAVAILABLE
SEED-VALIDATION-04-STRING-PROCESSING-01-SPLIT_MERGE,SEED-VALIDATION-04-STRING-PROCESSING,validation,TRANSFORMED,0.460801,0.85041,0.3,,,False,True,False,False,RULE_FALLBACK,QUERY_IDENTITIES_UNDECLARED | TEMPLATE_CONTEXT_UNDECLARED | SHORT_EFFECTIVE_CODE | COLD_START_NO_MATCHED_REFERENCE | VALIDATION_ALPHA_UNAVAILABLE
SEED-VALIDATION-04-STRING-PROCESSING-02-UNSUPPORTED_SYNTAX,SEED-VALIDATION-04-STRING-PROCESSING,validation,TRANSFORMED,0.657143,0.85041,0.3,,,False,True,False,False,RULE_FALLBACK,PARSER_OR_NORMALIZATION_FALLBACK | QUERY_IDENTITIES_UNDECLARED | TEMPLATE_CONTEXT_UNDECLARED | SHORT_EFFECTIVE_CODE | COLD_START_NO_MATCHED_REFERENCE | VALIDATION_ALPHA_UNAVAILABLE
SEED-VALIDATION-05-DFS-GRAPH-02-VARIABLE_RENAME,SEED-VALIDATION-05-DFS-GRAPH,validation,TRANSFORMED,0.943662,0.820007,0.3,,,False,True,True,True,RULE_FALLBACK,QUERY_IDENTITIES_UNDECLARED | TEMPLATE_CONTEXT_UNDECLARED | COLD_START_NO_MATCHED_REFERENCE | VALIDATION_ALPHA_UNAVAILABLE
SEED-VALIDATION-05-DFS-GRAPH-03-NATURAL_TEMPLATE,SEED-VALIDATION-05-DFS-GRAPH,validation,NATURAL_SIMILAR,0.959375,0.820007,0.3,,,False,True,True,True,RULE_FALLBACK,QUERY_IDENTITIES_UNDECLARED | TEMPLATE_CONTEXT_UNDECLARED | COLD_START_NO_MATCHED_REFERENCE | VALIDATION_ALPHA_UNAVAILABLE
SEED-VALIDATION-06-BFS-GRAPH-01-HUMAN_REWRITE,SEED-VALIDATION-06-BFS-GRAPH,validation,SUSPICIOUS,0.0,0.801584,0.3,,,False,False,False,False,RULE_FALLBACK,PARSER_OR_NORMALIZATION_FALLBACK | QUERY_IDENTITIES_UNDECLARED | TEMPLATE_CONTEXT_UNDECLARED | COLD_START_NO_MATCHED_REFERENCE | VALIDATION_ALPHA_UNAVAILABLE
SEED-VALIDATION-06-BFS-GRAPH-02-FUNCTION_RENAME,SEED-VALIDATION-06-BFS-GRAPH,validation,TRANSFORMED,0.986885,0.801584,0.3,,,False,True,True,True,RULE_FALLBACK,QUERY_IDENTITIES_UNDECLARED | TEMPLATE_CONTEXT_UNDECLARED | COLD_START_NO_MATCHED_REFERENCE | VALIDATION_ALPHA_UNAVAILABLE
SEED-VALIDATION-06-BFS-GRAPH-03-INDEPENDENT_SOLUTION,SEED-VALIDATION-06-BFS-GRAPH,validation,INDEPENDENT,0.235778,0.801584,0.3,,,False,False,False,False,RULE_FALLBACK,QUERY_IDENTITIES_UNDECLARED | TEMPLATE_CONTEXT_UNDECLARED | COLD_START_NO_MATCHED_REFERENCE | VALIDATION_ALPHA_UNAVAILABLE
SEED-VALIDATION-07-DP-VARIANT-01-SPLIT_MERGE,SEED-VALIDATION-07-DP-VARIANT,validation,TRANSFORMED,0.375326,0.831123,0.3,,,False,True,False,False,RULE_FALLBACK,QUERY_IDENTITIES_UNDECLARED | TEMPLATE_CONTEXT_UNDECLARED | SHORT_EFFECTIVE_CODE | COLD_START_NO_MATCHED_REFERENCE | VALIDATION_ALPHA_UNAVAILABLE
SEED-VALIDATION-07-DP-VARIANT-02-PARAMETER_RENAME,SEED-VALIDATION-07-DP-VARIANT,validation,TRANSFORMED,0.938462,0.831123,0.3,,,False,True,True,True,RULE_FALLBACK,QUERY_IDENTITIES_UNDECLARED | TEMPLATE_CONTEXT_UNDECLARED | SHORT_EFFECTIVE_CODE | COLD_START_NO_MATCHED_REFERENCE | VALIDATION_ALPHA_UNAVAILABLE
SEED-VALIDATION-07-DP-VARIANT-03-COMMON_STRUCTURE,SEED-VALIDATION-07-DP-VARIANT,validation,INDEPENDENT,0.24383,0.831123,0.3,,,False,False,False,False,RULE_FALLBACK,QUERY_IDENTITIES_UNDECLARED | TEMPLATE_CONTEXT_UNDECLARED | SHORT_EFFECTIVE_CODE | COLD_START_NO_MATCHED_REFERENCE | VALIDATION_ALPHA_UNAVAILABLE
SEED-VALIDATION-08-SIMULATION-01-LOCAL_REORDER,SEED-VALIDATION-08-SIMULATION,validation,TRANSFORMED,0.803715,0.831155,0.3,,,False,True,False,False,RULE_FALLBACK,QUERY_IDENTITIES_UNDECLARED | TEMPLATE_CONTEXT_UNDECLARED | SHORT_EFFECTIVE_CODE | COLD_START_NO_MATCHED_REFERENCE | VALIDATION_ALPHA_UNAVAILABLE
SEED-TEST-01-SIMPLE-IO-01-HUMAN_REWRITE,SEED-TEST-01-SIMPLE-IO,test,SUSPICIOUS,0.277198,0.831283,0.3,,,False,False,False,False,RULE_FALLBACK,PROBLEM_DISJOINT_TEST_COLD_START | QUERY_IDENTITIES_UNDECLARED | TEMPLATE_CONTEXT_UNDECLARED | SHORT_EFFECTIVE_CODE | COLD_START_NO_MATCHED_REFERENCE | VALIDATION_ALPHA_UNAVAILABLE
SEED-TEST-01-SIMPLE-IO-02-INDEPENDENT_SOLUTION,SEED-TEST-01-SIMPLE-IO,test,INDEPENDENT,0.359474,0.831283,0.3,,,False,True,False,False,RULE_FALLBACK,PROBLEM_DISJOINT_TEST_COLD_START | QUERY_IDENTITIES_UNDECLARED | TEMPLATE_CONTEXT_UNDECLARED | SHORT_EFFECTIVE_CODE | COLD_START_NO_MATCHED_REFERENCE | VALIDATION_ALPHA_UNAVAILABLE
SEED-TEST-02-ARRAY-LOOP-01-NATURAL_TEMPLATE,SEED-TEST-02-ARRAY-LOOP,test,NATURAL_SIMILAR,1.0,0.824366,0.3,,,False,True,True,True,RULE_FALLBACK,PROBLEM_DISJOINT_TEST_COLD_START | QUERY_IDENTITIES_UNDECLARED | TEMPLATE_CONTEXT_UNDECLARED | SHORT_EFFECTIVE_CODE | COLD_START_NO_MATCHED_REFERENCE | VALIDATION_ALPHA_UNAVAILABLE
SEED-TEST-02-ARRAY-LOOP-02-VARIABLE_RENAME,SEED-TEST-02-ARRAY-LOOP,test,TRANSFORMED,0.814634,0.824366,0.3,,,False,True,False,False,RULE_FALLBACK,PROBLEM_DISJOINT_TEST_COLD_START | QUERY_IDENTITIES_UNDECLARED | TEMPLATE_CONTEXT_UNDECLARED | SHORT_EFFECTIVE_CODE | COLD_START_NO_MATCHED_REFERENCE | VALIDATION_ALPHA_UNAVAILABLE
SEED-TEST-02-ARRAY-LOOP-03-UNSUPPORTED_SYNTAX,SEED-TEST-02-ARRAY-LOOP,test,TRANSFORMED,0.647059,0.824366,0.3,,,False,True,False,False,RULE_FALLBACK,PROBLEM_DISJOINT_TEST_COLD_START | PARSER_OR_NORMALIZATION_FALLBACK | QUERY_IDENTITIES_UNDECLARED | TEMPLATE_CONTEXT_UNDECLARED | SHORT_EFFECTIVE_CODE | COLD_START_NO_MATCHED_REFERENCE | VALIDATION_ALPHA_UNAVAILABLE
SEED-TEST-03-SORT-TEMPLATE-01-FORMAT_COMMENT_CHANGE,SEED-TEST-03-SORT-TEMPLATE,test,TRANSFORMED,1.0,0.830995,0.3,,,False,True,True,True,RULE_FALLBACK,PROBLEM_DISJOINT_TEST_COLD_START | QUERY_IDENTITIES_UNDECLARED | TEMPLATE_CONTEXT_UNDECLARED | COLD_START_NO_MATCHED_REFERENCE | VALIDATION_ALPHA_UNAVAILABLE
SEED-TEST-03-SORT-TEMPLATE-02-LOCAL_REORDER,SEED-TEST-03-SORT-TEMPLATE,test,TRANSFORMED,0.882821,0.830995,0.3,,,False,True,True,True,RULE_FALLBACK,PROBLEM_DISJOINT_TEST_COLD_START | QUERY_IDENTITIES_UNDECLARED | TEMPLATE_CONTEXT_UNDECLARED | COLD_START_NO_MATCHED_REFERENCE | VALIDATION_ALPHA_UNAVAILABLE
SEED-TEST-04-STRING-PROCESSING-01-FUNCTION_RENAME,SEED-TEST-04-STRING-PROCESSING,test,TRANSFORMED,0.968,0.85041,0.3,,,False,True,True,True,RULE_FALLBACK,PROBLEM_DISJOINT_TEST_COLD_START | QUERY_IDENTITIES_UNDECLARED | TEMPLATE_CONTEXT_UNDECLARED | SHORT_EFFECTIVE_CODE | COLD_START_NO_MATCHED_REFERENCE | VALIDATION_ALPHA_UNAVAILABLE
SEED-TEST-04-STRING-PROCESSING-02-PARAMETER_RENAME,SEED-TEST-04-STRING-PROCESSING,test,TRANSFORMED,0.944615,0.85041,0.3,,,False,True,True,True,RULE_FALLBACK,PROBLEM_DISJOINT_TEST_COLD_START | QUERY_IDENTITIES_UNDECLARED | TEMPLATE_CONTEXT_UNDECLARED | COLD_START_NO_MATCHED_REFERENCE | VALIDATION_ALPHA_UNAVAILABLE
SEED-TEST-04-STRING-PROCESSING-03-COMMON_STRUCTURE,SEED-TEST-04-STRING-PROCESSING,test,INDEPENDENT,0.482576,0.85041,0.3,,,False,True,False,False,RULE_FALLBACK,PROBLEM_DISJOINT_TEST_COLD_START | QUERY_IDENTITIES_UNDECLARED | TEMPLATE_CONTEXT_UNDECLARED | SHORT_EFFECTIVE_CODE | COLD_START_NO_MATCHED_REFERENCE | VALIDATION_ALPHA_UNAVAILABLE
SEED-TEST-05-DFS-GRAPH-01-SPLIT_MERGE,SEED-TEST-05-DFS-GRAPH,test,TRANSFORMED,0.409957,0.820007,0.3,,,False,True,False,False,RULE_FALLBACK,PROBLEM_DISJOINT_TEST_COLD_START | QUERY_IDENTITIES_UNDECLARED | TEMPLATE_CONTEXT_UNDECLARED | COLD_START_NO_MATCHED_REFERENCE | VALIDATION_ALPHA_UNAVAILABLE
SEED-TEST-05-DFS-GRAPH-02-HUMAN_REWRITE,SEED-TEST-05-DFS-GRAPH,test,SUSPICIOUS,0.0,0.820007,0.3,,,False,False,False,False,RULE_FALLBACK,PROBLEM_DISJOINT_TEST_COLD_START | PARSER_OR_NORMALIZATION_FALLBACK | QUERY_IDENTITIES_UNDECLARED | TEMPLATE_CONTEXT_UNDECLARED | COLD_START_NO_MATCHED_REFERENCE | VALIDATION_ALPHA_UNAVAILABLE
SEED-TEST-05-DFS-GRAPH-03-NATURAL_TEMPLATE,SEED-TEST-05-DFS-GRAPH,test,NATURAL_SIMILAR,0.959375,0.820007,0.3,,,False,True,True,True,RULE_FALLBACK,PROBLEM_DISJOINT_TEST_COLD_START | QUERY_IDENTITIES_UNDECLARED | TEMPLATE_CONTEXT_UNDECLARED | COLD_START_NO_MATCHED_REFERENCE | VALIDATION_ALPHA_UNAVAILABLE
SEED-TEST-06-BFS-GRAPH-02-COMMON_STRUCTURE,SEED-TEST-06-BFS-GRAPH,test,INDEPENDENT,0.140801,0.801584,0.3,,,False,False,False,False,RULE_FALLBACK,PROBLEM_DISJOINT_TEST_COLD_START | QUERY_IDENTITIES_UNDECLARED | TEMPLATE_CONTEXT_UNDECLARED | SHORT_EFFECTIVE_CODE | COLD_START_NO_MATCHED_REFERENCE | VALIDATION_ALPHA_UNAVAILABLE
SEED-TEST-06-BFS-GRAPH-03-UNSUPPORTED_SYNTAX,SEED-TEST-06-BFS-GRAPH,test,TRANSFORMED,0.830986,0.801584,0.3,,,False,True,True,True,RULE_FALLBACK,PROBLEM_DISJOINT_TEST_COLD_START | PARSER_OR_NORMALIZATION_FALLBACK | QUERY_IDENTITIES_UNDECLARED | TEMPLATE_CONTEXT_UNDECLARED | COLD_START_NO_MATCHED_REFERENCE | VALIDATION_ALPHA_UNAVAILABLE
SEED-TEST-07-DP-VARIANT-01-VARIABLE_RENAME,SEED-TEST-07-DP-VARIANT,test,TRANSFORMED,0.858065,0.831123,0.3,,,False,True,True,True,RULE_FALLBACK,PROBLEM_DISJOINT_TEST_COLD_START | QUERY_IDENTITIES_UNDECLARED | TEMPLATE_CONTEXT_UNDECLARED | COLD_START_NO_MATCHED_REFERENCE | VALIDATION_ALPHA_UNAVAILABLE
SEED-TEST-07-DP-VARIANT-02-FORMAT_COMMENT_CHANGE,SEED-TEST-07-DP-VARIANT,test,TRANSFORMED,1.0,0.831123,0.3,,,False,True,True,True,RULE_FALLBACK,PROBLEM_DISJOINT_TEST_COLD_START | QUERY_IDENTITIES_UNDECLARED | TEMPLATE_CONTEXT_UNDECLARED | SHORT_EFFECTIVE_CODE | COLD_START_NO_MATCHED_REFERENCE | VALIDATION_ALPHA_UNAVAILABLE
SEED-TEST-07-DP-VARIANT-03-INDEPENDENT_SOLUTION,SEED-TEST-07-DP-VARIANT,test,INDEPENDENT,0.089552,0.831123,0.3,,,False,False,False,False,RULE_FALLBACK,PROBLEM_DISJOINT_TEST_COLD_START | PARSER_OR_NORMALIZATION_FALLBACK | QUERY_IDENTITIES_UNDECLARED | TEMPLATE_CONTEXT_UNDECLARED | SHORT_EFFECTIVE_CODE | COLD_START_NO_MATCHED_REFERENCE | VALIDATION_ALPHA_UNAVAILABLE
SEED-TEST-08-SIMULATION-01-LOCAL_REORDER,SEED-TEST-08-SIMULATION,test,TRANSFORMED,1.0,0.831155,0.3,,,False,True,True,True,RULE_FALLBACK,PROBLEM_DISJOINT_TEST_COLD_START | QUERY_IDENTITIES_UNDECLARED | TEMPLATE_CONTEXT_UNDECLARED | COLD_START_NO_MATCHED_REFERENCE | VALIDATION_ALPHA_UNAVAILABLE
SEED-TEST-08-SIMULATION-02-SPLIT_MERGE,SEED-TEST-08-SIMULATION,test,TRANSFORMED,0.381643,0.831155,0.3,,,False,True,False,False,RULE_FALLBACK,PROBLEM_DISJOINT_TEST_COLD_START | QUERY_IDENTITIES_UNDECLARED | TEMPLATE_CONTEXT_UNDECLARED | SHORT_EFFECTIVE_CODE | COLD_START_NO_MATCHED_REFERENCE | VALIDATION_ALPHA_UNAVAILABLE
