pairId,problemId,datasetSplit,experimentLabel,caseType,language,submissionA,submissionB,codeASha256,codeBSha256,sourceType,synthetic,method,methodVersion,predictedScore,resultStatus,reason
SEED-VALIDATION-01-SIMPLE-IO-03-FORMAT_COMMENT_CHANGE,SEED-VALIDATION-01-SIMPLE-IO,validation,TRANSFORMED,FORMAT_COMMENT_CHANGE,java,seed-validation-01-simple-io--66657f15d33ff152,seed-validation-01-simple-io--91e4ce469a3fdd13,sha256:66657f15d33ff152e4b50c9da07c305cd707e3780878232c44e33fd81de6287f,sha256:91e4ce469a3fdd134f7e59ac87a2d9aa7fbee0306fe16e0f7886112993ad3b96,synthetic,True,JPLAG,6.2.0,1.0,MATCHED,
SEED-VALIDATION-02-ARRAY-LOOP-01-VARIABLE_RENAME,SEED-VALIDATION-02-ARRAY-LOOP,validation,TRANSFORMED,VARIABLE_RENAME,java,seed-validation-02-array-loop--add2a899b861223e,seed-validation-02-array-loop--ed1dfcebe8cddba2,sha256:add2a899b861223e26d507d55f40493ec00e130049313c06143f8d38fa51e437,sha256:ed1dfcebe8cddba289eba239566fa656e05751301b9e10babd3b5d13a8a49e02,synthetic,True,JPLAG,6.2.0,1.0,MATCHED,
SEED-VALIDATION-03-SORT-TEMPLATE-01-FUNCTION_RENAME,SEED-VALIDATION-03-SORT-TEMPLATE,validation,TRANSFORMED,FUNCTION_RENAME,java,seed-validation-03-sort-template--c9f7f80414f0b467,seed-validation-03-sort-template--973dda0165737fb2,sha256:c9f7f80414f0b4673db3633100962c22301c21ff0c67da97a5d6a6623fb79130,sha256:973dda0165737fb2b9300468f3013df12801aee940b5a1737dc8c0eedf2a5c3f,synthetic,True,JPLAG,6.2.0,1.0,MATCHED,
SEED-VALIDATION-06-BFS-GRAPH-03-INDEPENDENT_SOLUTION,SEED-VALIDATION-06-BFS-GRAPH,validation,INDEPENDENT,INDEPENDENT_SOLUTION,java,seed-validation-06-bfs-graph--7a13b8640a7bc3aa,seed-validation-06-bfs-graph--22e4ade0c406e563,sha256:7a13b8640a7bc3aafc7e678e57a31255f151cc0f294a86c36cee4a79757e4971,sha256:22e4ade0c406e563c82dec9bfed9e9227f46985c847a2eee33c65b122b5ba89f,synthetic,True,JPLAG,6.2.0,0.0,MATCHED,
SEED-TEST-01-SIMPLE-IO-02-INDEPENDENT_SOLUTION,SEED-TEST-01-SIMPLE-IO,test,INDEPENDENT,INDEPENDENT_SOLUTION,java,seed-test-01-simple-io--f802e668f2201b75,seed-test-01-simple-io--d710b615d58dff63,sha256:f802e668f2201b75187e8a4e263538014f1931e14151f982135381f91c502393,sha256:d710b615d58dff63ddef5dbdfab07e8ae7813947feafa25322b1bbd9da945f6d,synthetic,True,JPLAG,6.2.0,0.0,MATCHED,
SEED-TEST-04-STRING-PROCESSING-02-PARAMETER_RENAME,SEED-TEST-04-STRING-PROCESSING,test,TRANSFORMED,PARAMETER_RENAME,java,seed-test-04-string-processing--ccf1c1b4a8474f95,seed-test-04-string-processing--0197b088f52709bb,sha256:ccf1c1b4a8474f950824446a688bf907f13bda1204ba4c9e091c916d061afd92,sha256:0197b088f52709bb7b89f0d05955c50eb84dc5121993c188788fa7899c5d7bc7,synthetic,True,JPLAG,6.2.0,1.0,MATCHED,
SEED-TEST-07-DP-VARIANT-01-VARIABLE_RENAME,SEED-TEST-07-DP-VARIANT,test,TRANSFORMED,VARIABLE_RENAME,java,seed-test-07-dp-variant--738e0d7242926b38,seed-test-07-dp-variant--f6210ffa2a03ac22,sha256:738e0d7242926b3824b99ff9c1469653bdf8b57db11d3e61a54ccedf65173714,sha256:f6210ffa2a03ac22db8fcc02f78f00b5204fdeab72c8ecae57a48e599450a1b5,synthetic,True,JPLAG,6.2.0,1.0,MATCHED,
SEED-TEST-08-SIMULATION-01-LOCAL_REORDER,SEED-TEST-08-SIMULATION,test,TRANSFORMED,LOCAL_REORDER,java,seed-test-08-simulation--c04acdd5911262dd,seed-test-08-simulation--0f444ce5fb907fda,sha256:c04acdd5911262dda1f5fa4c1e005f21994ea402e93824d736ed2c09832b0c05,sha256:0f444ce5fb907fda833a72da578323b67a378a9dc62e775bf0f40bd4f62c116a,synthetic,True,JPLAG,6.2.0,1.0,MATCHED,
VALIDATION-SIMPLE-IO-01-RENAME,VALIDATION-SIMPLE-IO-01,validation,TRANSFORMED,PARAMETER_RENAME,python,validation-simple-io-01--6ffe7bbe00025b10,validation-simple-io-01--bf24c8f9beaf7876,sha256:6ffe7bbe00025b1096873bbd37135921950e94c2123b460582d483f739ae515e,sha256:bf24c8f9beaf7876de33836caeacf4b83aa954decf2d8cec56395cde689ceb91,synthetic,True,JPLAG,6.2.0,0.0,MATCHED,
VALIDATION-SIMPLE-IO-01-NATURAL,VALIDATION-SIMPLE-IO-01,validation,NATURAL_SIMILAR,NATURAL_TEMPLATE,python,validation-simple-io-01--6ffe7bbe00025b10,validation-simple-io-01--c3410c77b84cc2a8,sha256:6ffe7bbe00025b1096873bbd37135921950e94c2123b460582d483f739ae515e,sha256:c3410c77b84cc2a8ea76f1386c041b943b85f8bc5b3d103027f54570290a83dc,synthetic,True,JPLAG,6.2.0,0.0,MATCHED,
VALIDATION-SIMPLE-IO-01-INDEPENDENT,VALIDATION-SIMPLE-IO-01,validation,INDEPENDENT,INDEPENDENT_SOLUTION,python,validation-simple-io-01--6ffe7bbe00025b10,validation-simple-io-01--65a7084d3594cf29,sha256:6ffe7bbe00025b1096873bbd37135921950e94c2123b460582d483f739ae515e,sha256:65a7084d3594cf2995f37b8302e1bc8c581c615b200b1a2d8bc8ccd6c3b6454d,synthetic,True,JPLAG,6.2.0,0.0,MATCHED,
TEST-SIMPLE-IO-01-RENAME,TEST-SIMPLE-IO-01,test,TRANSFORMED,PARAMETER_RENAME,python,test-simple-io-01--bf9458dbc8fb515b,test-simple-io-01--a56cdf8cb1f4f224,sha256:bf9458dbc8fb515b8a32df7e68e88ea9c6c7b5c03605e2954db9f79f3fc72a82,sha256:a56cdf8cb1f4f22449402203212efb7fed71fcc3fc23d0ea0d4807fdcd31745a,synthetic,True,JPLAG,6.2.0,0.0,MATCHED,
TEST-SIMPLE-IO-01-NATURAL,TEST-SIMPLE-IO-01,test,NATURAL_SIMILAR,NATURAL_TEMPLATE,python,test-simple-io-01--bf9458dbc8fb515b,test-simple-io-01--11475b369199e4e9,sha256:bf9458dbc8fb515b8a32df7e68e88ea9c6c7b5c03605e2954db9f79f3fc72a82,sha256:11475b369199e4e9144ca03b1d13253337769237717b878e16fbb68c95b848e6,synthetic,True,JPLAG,6.2.0,0.0,MATCHED,
TEST-SIMPLE-IO-01-INDEPENDENT,TEST-SIMPLE-IO-01,test,INDEPENDENT,INDEPENDENT_SOLUTION,python,test-simple-io-01--bf9458dbc8fb515b,test-simple-io-01--3797329843f9ef2e,sha256:bf9458dbc8fb515b8a32df7e68e88ea9c6c7b5c03605e2954db9f79f3fc72a82,sha256:3797329843f9ef2ea26026b199b602cadeb633e7962dd6c2849dc72a2249a860,synthetic,True,JPLAG,6.2.0,0.0,MATCHED,
TEST-SIMPLE-IO-01-SUSPICIOUS-FORMAT,TEST-SIMPLE-IO-01,test,SUSPICIOUS,FORMAT_COMMENT_CHANGE,python,test-simple-io-01--bf9458dbc8fb515b,test-simple-io-01--1d95d8b734cb7258,sha256:bf9458dbc8fb515b8a32df7e68e88ea9c6c7b5c03605e2954db9f79f3fc72a82,sha256:1d95d8b734cb7258ec7e90dbe66bbb4508771c61d3e1f4ff012fff4b6e47ef14,synthetic,True,JPLAG,6.2.0,0.0,MATCHED,
VALIDATION-ARRAY-LOOP-01-RENAME,VALIDATION-ARRAY-LOOP-01,validation,TRANSFORMED,VARIABLE_RENAME,python,validation-array-loop-01--c8fd9c58c8bf74d9,validation-array-loop-01--8b270555c6a1190b,sha256:c8fd9c58c8bf74d9897db890e68ce9a79c3e42f08d2ba5bed56a442abe02af8d,sha256:8b270555c6a1190be8ec9be4fd7832a3ced70c5dee7dbd01a5215b2b57365a30,synthetic,True,JPLAG,6.2.0,1.0,MATCHED,
VALIDATION-ARRAY-LOOP-01-NATURAL,VALIDATION-ARRAY-LOOP-01,validation,NATURAL_SIMILAR,NATURAL_TEMPLATE,python,validation-array-loop-01--c8fd9c58c8bf74d9,validation-array-loop-01--38de8107dd846389,sha256:c8fd9c58c8bf74d9897db890e68ce9a79c3e42f08d2ba5bed56a442abe02af8d,sha256:38de8107dd846389722426e144a5be54f29cd5f3accaab654d40187866724c51,synthetic,True,JPLAG,6.2.0,1.0,MATCHED,
VALIDATION-ARRAY-LOOP-01-INDEPENDENT,VALIDATION-ARRAY-LOOP-01,validation,INDEPENDENT,INDEPENDENT_SOLUTION,python,validation-array-loop-01--c8fd9c58c8bf74d9,validation-array-loop-01--d6e074460cdf6bd1,sha256:c8fd9c58c8bf74d9897db890e68ce9a79c3e42f08d2ba5bed56a442abe02af8d,sha256:d6e074460cdf6bd1ef349a1a9e844c74f3000ddae82594d3ed9b24c3200d45ca,synthetic,True,JPLAG,6.2.0,0.0,MATCHED,
TEST-ARRAY-LOOP-01-RENAME,TEST-ARRAY-LOOP-01,test,TRANSFORMED,VARIABLE_RENAME,python,test-array-loop-01--62f386a87ca61a46,test-array-loop-01--a5bb514117ce039f,sha256:62f386a87ca61a46493456ffb682fd273e3c1c7ddd80c10ddf864e71ea0f0e51,sha256:a5bb514117ce039f0f6adcca66e6e58e4b635c9eaebc4cd21ae4a632e645a0e3,synthetic,True,JPLAG,6.2.0,1.0,MATCHED,
TEST-ARRAY-LOOP-01-NATURAL,TEST-ARRAY-LOOP-01,test,NATURAL_SIMILAR,NATURAL_TEMPLATE,python,test-array-loop-01--62f386a87ca61a46,test-array-loop-01--eb53a21ed59cdada,sha256:62f386a87ca61a46493456ffb682fd273e3c1c7ddd80c10ddf864e71ea0f0e51,sha256:eb53a21ed59cdada59c4f1ee083c5ab478d61147271f13203a6ec55dea0b16ad,synthetic,True,JPLAG,6.2.0,1.0,MATCHED,
TEST-ARRAY-LOOP-01-INDEPENDENT,TEST-ARRAY-LOOP-01,test,INDEPENDENT,INDEPENDENT_SOLUTION,python,test-array-loop-01--62f386a87ca61a46,test-array-loop-01--965f12c44d579ea7,sha256:62f386a87ca61a46493456ffb682fd273e3c1c7ddd80c10ddf864e71ea0f0e51,sha256:965f12c44d579ea74f9f5d30aef374944a9622fc20efa5ccfe98599091310ff1,synthetic,True,JPLAG,6.2.0,0.0,MATCHED,
TEST-ARRAY-LOOP-01-SUSPICIOUS-FORMAT,TEST-ARRAY-LOOP-01,test,SUSPICIOUS,FORMAT_COMMENT_CHANGE,python,test-array-loop-01--62f386a87ca61a46,test-array-loop-01--60eff5d64311a5c9,sha256:62f386a87ca61a46493456ffb682fd273e3c1c7ddd80c10ddf864e71ea0f0e51,sha256:60eff5d64311a5c98d502e3d0ad76b67b8cc2358d4fa4d7aff51686554508bdd,synthetic,True,JPLAG,6.2.0,1.0,MATCHED,
VALIDATION-SORT-TEMPLATE-01-RENAME,VALIDATION-SORT-TEMPLATE-01,validation,TRANSFORMED,FUNCTION_RENAME,python,validation-sort-template-01--77af6aad4be9231a,validation-sort-template-01--0a38f56d864921dd,sha256:77af6aad4be9231a5712a8ca06c559e8793d19f2701455c2bc653c10f6953744,sha256:0a38f56d864921dd31198c748479605f7bf9ff2826e276e93e147d24524bb4be,synthetic,True,JPLAG,6.2.0,1.0,MATCHED,
VALIDATION-SORT-TEMPLATE-01-NATURAL,VALIDATION-SORT-TEMPLATE-01,validation,NATURAL_SIMILAR,NATURAL_TEMPLATE,python,validation-sort-template-01--77af6aad4be9231a,validation-sort-template-01--339c815078c4a814,sha256:77af6aad4be9231a5712a8ca06c559e8793d19f2701455c2bc653c10f6953744,sha256:339c815078c4a8147de310618ffd2c4eed9eb58a7ce7e95b9f5d067f4823fb9c,synthetic,True,JPLAG,6.2.0,1.0,MATCHED,
VALIDATION-SORT-TEMPLATE-01-INDEPENDENT,VALIDATION-SORT-TEMPLATE-01,validation,INDEPENDENT,INDEPENDENT_SOLUTION,python,validation-sort-template-01--77af6aad4be9231a,validation-sort-template-01--a73a9da9622c85a7,sha256:77af6aad4be9231a5712a8ca06c559e8793d19f2701455c2bc653c10f6953744,sha256:a73a9da9622c85a7bd9f1e07988df4ef3eb2567e45439b55196ab46eb60d5678,synthetic,True,JPLAG,6.2.0,0.0,MATCHED,
TEST-SORT-TEMPLATE-01-RENAME,TEST-SORT-TEMPLATE-01,test,TRANSFORMED,FUNCTION_RENAME,python,test-sort-template-01--6382155426f95dc6,test-sort-template-01--b7c568f64709e841,sha256:6382155426f95dc66be6d14ab642dccb30366df65da43f39e4a0239fa41496c2,sha256:b7c568f64709e8411ee337a3d8ce2d38192b0c9ae764aa9a3da6298fafcd074f,synthetic,True,JPLAG,6.2.0,1.0,MATCHED,
TEST-SORT-TEMPLATE-01-NATURAL,TEST-SORT-TEMPLATE-01,test,NATURAL_SIMILAR,NATURAL_TEMPLATE,python,test-sort-template-01--6382155426f95dc6,test-sort-template-01--271bdd106e28d9d7,sha256:6382155426f95dc66be6d14ab642dccb30366df65da43f39e4a0239fa41496c2,sha256:271bdd106e28d9d7433009c13746cac33e9313f0b01a11720a14f21abe0db8d4,synthetic,True,JPLAG,6.2.0,1.0,MATCHED,
TEST-SORT-TEMPLATE-01-INDEPENDENT,TEST-SORT-TEMPLATE-01,test,INDEPENDENT,INDEPENDENT_SOLUTION,python,test-sort-template-01--6382155426f95dc6,test-sort-template-01--cd4704252ad6da41,sha256:6382155426f95dc66be6d14ab642dccb30366df65da43f39e4a0239fa41496c2,sha256:cd4704252ad6da41f4fa78346e1b37da558601f08540e023d259bbf9ee4c7aad,synthetic,True,JPLAG,6.2.0,0.0,MATCHED,
TEST-SORT-TEMPLATE-01-SUSPICIOUS-FORMAT,TEST-SORT-TEMPLATE-01,test,SUSPICIOUS,FORMAT_COMMENT_CHANGE,python,test-sort-template-01--6382155426f95dc6,test-sort-template-01--a72b0c00effacd30,sha256:6382155426f95dc66be6d14ab642dccb30366df65da43f39e4a0239fa41496c2,sha256:a72b0c00effacd30b88e360ada8cf737a83b4c854d60d7378f6bbc17c997cb71,synthetic,True,JPLAG,6.2.0,1.0,MATCHED,
VALIDATION-DFS-GRAPH-01-RENAME,VALIDATION-DFS-GRAPH-01,validation,TRANSFORMED,PARAMETER_RENAME,python,validation-dfs-graph-01--3ededabb22ff3427,validation-dfs-graph-01--6a4b25cdcb8cf8fb,sha256:3ededabb22ff342776bf6a6b83b69e62243211d0bf589006e2022b1eea5d518a,sha256:6a4b25cdcb8cf8fb5ace2ba51a62f859f83bdbf1bc337bab0d9ac185303cb386,synthetic,True,JPLAG,6.2.0,1.0,MATCHED,
VALIDATION-DFS-GRAPH-01-NATURAL,VALIDATION-DFS-GRAPH-01,validation,NATURAL_SIMILAR,NATURAL_TEMPLATE,python,validation-dfs-graph-01--3ededabb22ff3427,validation-dfs-graph-01--ec2c9bb1c56fbdc4,sha256:3ededabb22ff342776bf6a6b83b69e62243211d0bf589006e2022b1eea5d518a,sha256:ec2c9bb1c56fbdc4802fadbd64dcc08e3ab7c1ac8931bdc931f69510d1df14ff,synthetic,True,JPLAG,6.2.0,0.975609756097561,MATCHED,
VALIDATION-DFS-GRAPH-01-INDEPENDENT,VALIDATION-DFS-GRAPH-01,validation,INDEPENDENT,INDEPENDENT_SOLUTION,python,validation-dfs-graph-01--3ededabb22ff3427,validation-dfs-graph-01--880d0c2dec9aabbb,sha256:3ededabb22ff342776bf6a6b83b69e62243211d0bf589006e2022b1eea5d518a,sha256:880d0c2dec9aabbbd0004867c3b2d63ccba2a17625f537eddd59e1bdf6493f07,synthetic,True,JPLAG,6.2.0,0.0,MATCHED,
TEST-DFS-GRAPH-01-RENAME,TEST-DFS-GRAPH-01,test,TRANSFORMED,PARAMETER_RENAME,python,test-dfs-graph-01--6b07a2f1cbd56121,test-dfs-graph-01--bc24e2e33f9e4245,sha256:6b07a2f1cbd56121a42062e04e9faf041e9c396485436b68088dd442cfaab12b,sha256:bc24e2e33f9e4245c27153ce8015debdd80b46998bba09affab4cd509359737c,synthetic,True,JPLAG,6.2.0,1.0,MATCHED,
TEST-DFS-GRAPH-01-NATURAL,TEST-DFS-GRAPH-01,test,NATURAL_SIMILAR,NATURAL_TEMPLATE,python,test-dfs-graph-01--6b07a2f1cbd56121,test-dfs-graph-01--b32eafa9da445349,sha256:6b07a2f1cbd56121a42062e04e9faf041e9c396485436b68088dd442cfaab12b,sha256:b32eafa9da44534931d98f3b7759e6a655e1665420e91223571c9074021cc83e,synthetic,True,JPLAG,6.2.0,0.975609756097561,MATCHED,
TEST-DFS-GRAPH-01-INDEPENDENT,TEST-DFS-GRAPH-01,test,INDEPENDENT,INDEPENDENT_SOLUTION,python,test-dfs-graph-01--6b07a2f1cbd56121,test-dfs-graph-01--cd87a81af672255a,sha256:6b07a2f1cbd56121a42062e04e9faf041e9c396485436b68088dd442cfaab12b,sha256:cd87a81af672255aafdf899e830026e001a92afba9f118c99fa9d73dedd10787,synthetic,True,JPLAG,6.2.0,0.0,MATCHED,
TEST-DFS-GRAPH-01-SUSPICIOUS-FORMAT,TEST-DFS-GRAPH-01,test,SUSPICIOUS,FORMAT_COMMENT_CHANGE,python,test-dfs-graph-01--6b07a2f1cbd56121,test-dfs-graph-01--c7897e89f0493f30,sha256:6b07a2f1cbd56121a42062e04e9faf041e9c396485436b68088dd442cfaab12b,sha256:c7897e89f0493f30d1331849b3fe27c2caec5ec3f2a5881f102bc3a5f7521673,synthetic,True,JPLAG,6.2.0,1.0,MATCHED,
VALIDATION-DP-VARIANT-01-RENAME,VALIDATION-DP-VARIANT-01,validation,TRANSFORMED,VARIABLE_RENAME,python,validation-dp-variant-01--8b61a9085fe678a3,validation-dp-variant-01--63c4aab161cad130,sha256:8b61a9085fe678a3178ae2ca5a66608688505a71d45a6c95182b4065308c04a3,sha256:63c4aab161cad13009b48eecd576d2b27e10546259dcdbd3bd1a2be916a5cc73,synthetic,True,JPLAG,6.2.0,1.0,MATCHED,
VALIDATION-DP-VARIANT-01-NATURAL,VALIDATION-DP-VARIANT-01,validation,NATURAL_SIMILAR,NATURAL_TEMPLATE,python,validation-dp-variant-01--8b61a9085fe678a3,validation-dp-variant-01--1f2f8ec85408a6aa,sha256:8b61a9085fe678a3178ae2ca5a66608688505a71d45a6c95182b4065308c04a3,sha256:1f2f8ec85408a6aa80a4a867459a2bfb96bda41115a850c9f6ba30f2e4c1a899,synthetic,True,JPLAG,6.2.0,1.0,MATCHED,
VALIDATION-DP-VARIANT-01-INDEPENDENT,VALIDATION-DP-VARIANT-01,validation,INDEPENDENT,INDEPENDENT_SOLUTION,python,validation-dp-variant-01--8b61a9085fe678a3,validation-dp-variant-01--ba37b5f42225eba0,sha256:8b61a9085fe678a3178ae2ca5a66608688505a71d45a6c95182b4065308c04a3,sha256:ba37b5f42225eba0c62469e471e64d9dc50b5da66e8285ed38a4cb7ea364146c,synthetic,True,JPLAG,6.2.0,0.0,MATCHED,
TEST-DP-VARIANT-01-RENAME,TEST-DP-VARIANT-01,test,TRANSFORMED,VARIABLE_RENAME,python,test-dp-variant-01--4d9f4b0efaf2138f,test-dp-variant-01--a26e8fe532b23d63,sha256:4d9f4b0efaf2138f13a51e1c9ffc91c724676e7c073140651fa257f406068aa3,sha256:a26e8fe532b23d638cf6286bd44f084423a18fe5ac1b2f13b689bc3cff006380,synthetic,True,JPLAG,6.2.0,1.0,MATCHED,
TEST-DP-VARIANT-01-NATURAL,TEST-DP-VARIANT-01,test,NATURAL_SIMILAR,NATURAL_TEMPLATE,python,test-dp-variant-01--4d9f4b0efaf2138f,test-dp-variant-01--93cf095b19aa1269,sha256:4d9f4b0efaf2138f13a51e1c9ffc91c724676e7c073140651fa257f406068aa3,sha256:93cf095b19aa1269b480c954dd7cf33660060b0a0f8615b71a9c03a4bfd6d42d,synthetic,True,JPLAG,6.2.0,1.0,MATCHED,
TEST-DP-VARIANT-01-INDEPENDENT,TEST-DP-VARIANT-01,test,INDEPENDENT,INDEPENDENT_SOLUTION,python,test-dp-variant-01--4d9f4b0efaf2138f,test-dp-variant-01--286e1fbebc551feb,sha256:4d9f4b0efaf2138f13a51e1c9ffc91c724676e7c073140651fa257f406068aa3,sha256:286e1fbebc551febf4a46e1004fc2ecd6433517733c0afc59c36802810f6c71c,synthetic,True,JPLAG,6.2.0,0.0,MATCHED,
TEST-DP-VARIANT-01-SUSPICIOUS-FORMAT,TEST-DP-VARIANT-01,test,SUSPICIOUS,FORMAT_COMMENT_CHANGE,python,test-dp-variant-01--4d9f4b0efaf2138f,test-dp-variant-01--6f2ac6f207ce3d55,sha256:4d9f4b0efaf2138f13a51e1c9ffc91c724676e7c073140651fa257f406068aa3,sha256:6f2ac6f207ce3d55a96fbf6969bea4a61fbc1091da9e3a441233d256cc1a8db3,synthetic,True,JPLAG,6.2.0,1.0,MATCHED,
SEED-VALIDATION-01-SIMPLE-IO-01-NATURAL_TEMPLATE,SEED-VALIDATION-01-SIMPLE-IO,validation,NATURAL_SIMILAR,NATURAL_TEMPLATE,python,seed-validation-01-simple-io--61d285c74f00d3bc,seed-validation-01-simple-io--b05024324903729f,sha256:61d285c74f00d3bc34af23cb093f11551a9a5e5ae1bf134acc92efb321187d68,sha256:b05024324903729f79d14d00d897787ec9ea2163c4e5f5cc0ad483bb2a5080ff,synthetic,True,JPLAG,6.2.0,0.0,MATCHED,
SEED-VALIDATION-01-SIMPLE-IO-02-PARAMETER_RENAME,SEED-VALIDATION-01-SIMPLE-IO,validation,TRANSFORMED,PARAMETER_RENAME,python,seed-validation-01-simple-io--61d285c74f00d3bc,seed-validation-01-simple-io--994b3a8c13f3369e,sha256:61d285c74f00d3bc34af23cb093f11551a9a5e5ae1bf134acc92efb321187d68,sha256:994b3a8c13f3369ec67ef052bcb6efa87a1b813b89fe97c49a8b9ca8f7306d17,synthetic,True,JPLAG,6.2.0,0.0,MATCHED,
SEED-VALIDATION-02-ARRAY-LOOP-02-LOCAL_REORDER,SEED-VALIDATION-02-ARRAY-LOOP,validation,TRANSFORMED,LOCAL_REORDER,python,seed-validation-02-array-loop--94a827e95e8b6185,seed-validation-02-array-loop--b19c9018962fb186,sha256:94a827e95e8b6185a159cd92e6f162dec014363095036802bdc40edfecd84fbe,sha256:b19c9018962fb1864e3b2c0b9b4e3caa15baa96c627872fcaab6de8eb5fee8ac,synthetic,True,JPLAG,6.2.0,0.9,MATCHED,
SEED-VALIDATION-02-ARRAY-LOOP-03-INDEPENDENT_SOLUTION,SEED-VALIDATION-02-ARRAY-LOOP,validation,INDEPENDENT,INDEPENDENT_SOLUTION,python,seed-validation-02-array-loop--94a827e95e8b6185,seed-validation-02-array-loop--c9a9dcc06aa77100,sha256:94a827e95e8b6185a159cd92e6f162dec014363095036802bdc40edfecd84fbe,sha256:c9a9dcc06aa771002c6b90df1c9acc61d2bb478bcbaca3b58617b5ac6a4518ad,synthetic,True,JPLAG,6.2.0,0.0,MATCHED,
SEED-VALIDATION-03-SORT-TEMPLATE-02-HUMAN_REWRITE,SEED-VALIDATION-03-SORT-TEMPLATE,validation,SUSPICIOUS,HUMAN_REWRITE,python,seed-validation-03-sort-template--dcccbd21074272ff,seed-validation-03-sort-template--7e430c55641c39f1,sha256:dcccbd21074272ff0142642ed2b6f7e3db195ee3b07a0f5f3e953373457c537c,sha256:7e430c55641c39f1b4589c91b0b78bdd25338abad4e1c58971c30b0a65aa792d,synthetic,True,JPLAG,6.2.0,0.0,MATCHED,
SEED-VALIDATION-03-SORT-TEMPLATE-03-COMMON_STRUCTURE,SEED-VALIDATION-03-SORT-TEMPLATE,validation,INDEPENDENT,COMMON_STRUCTURE,python,seed-validation-03-sort-template--dcccbd21074272ff,seed-validation-03-sort-template--1e8e2feae3867da4,sha256:dcccbd21074272ff0142642ed2b6f7e3db195ee3b07a0f5f3e953373457c537c,sha256:1e8e2feae3867da4c307ebd603e7a1d0cb13e5f501a97adfc31593cde222437f,synthetic,True,JPLAG,6.2.0,0.0,MATCHED,
SEED-VALIDATION-04-STRING-PROCESSING-01-SPLIT_MERGE,SEED-VALIDATION-04-STRING-PROCESSING,validation,TRANSFORMED,SPLIT_MERGE,python,seed-validation-04-string-processing--327f5603c7db20d7,seed-validation-04-string-processing--9ae89238c9170367,sha256:327f5603c7db20d710376e7d7ca147ae300d8d89476148d2bf0fe9dcbeee1069,sha256:9ae89238c91703678be3a5d66c25c736d7880889916e20ce120913926569c642,synthetic,True,JPLAG,6.2.0,0.88,MATCHED,
SEED-VALIDATION-05-DFS-GRAPH-02-VARIABLE_RENAME,SEED-VALIDATION-05-DFS-GRAPH,validation,TRANSFORMED,VARIABLE_RENAME,python,seed-validation-05-dfs-graph--8b508d5d72df30e8,seed-validation-05-dfs-graph--276354bc2a4bdd6c,sha256:8b508d5d72df30e8c6dfc2e6604649f0ae49789a9e2249c8eee626c9882ed34c,sha256:276354bc2a4bdd6c5d13eaf902da929c5a4c31ae330d0a87edad4385c72a05d5,synthetic,True,JPLAG,6.2.0,1.0,MATCHED,
SEED-VALIDATION-05-DFS-GRAPH-03-NATURAL_TEMPLATE,SEED-VALIDATION-05-DFS-GRAPH,validation,NATURAL_SIMILAR,NATURAL_TEMPLATE,python,seed-validation-05-dfs-graph--8b508d5d72df30e8,seed-validation-05-dfs-graph--81b9dba168c357eb,sha256:8b508d5d72df30e8c6dfc2e6604649f0ae49789a9e2249c8eee626c9882ed34c,sha256:81b9dba168c357ebf85ee86430a6a1b65b944e9ce0a423b9f44412577bdb0bd3,synthetic,True,JPLAG,6.2.0,1.0,MATCHED,
SEED-VALIDATION-06-BFS-GRAPH-01-HUMAN_REWRITE,SEED-VALIDATION-06-BFS-GRAPH,validation,SUSPICIOUS,HUMAN_REWRITE,python,seed-validation-06-bfs-graph--6433fe5a401e01e4,seed-validation-06-bfs-graph--62f8ad6a620df59f,sha256:6433fe5a401e01e4c221154c020ec4510fa15b10e70444f03f5545f68984affb,sha256:62f8ad6a620df59f07c7eb8ecd964743fb93f1e88489acb68cbdd55bd5d4add1,synthetic,True,JPLAG,6.2.0,0.0,MATCHED,
SEED-VALIDATION-06-BFS-GRAPH-02-FUNCTION_RENAME,SEED-VALIDATION-06-BFS-GRAPH,validation,TRANSFORMED,FUNCTION_RENAME,python,seed-validation-06-bfs-graph--6433fe5a401e01e4,seed-validation-06-bfs-graph--9d1d1bc989fa37a2,sha256:6433fe5a401e01e4c221154c020ec4510fa15b10e70444f03f5545f68984affb,sha256:9d1d1bc989fa37a23b0d0aebf02facd0b30e83ea4bd99b3e36ebe178f2202828,synthetic,True,JPLAG,6.2.0,1.0,MATCHED,
SEED-VALIDATION-07-DP-VARIANT-01-SPLIT_MERGE,SEED-VALIDATION-07-DP-VARIANT,validation,TRANSFORMED,SPLIT_MERGE,python,seed-validation-07-dp-variant--8d24e7e72dc85995,seed-validation-07-dp-variant--d68993b27cd91c9c,sha256:8d24e7e72dc8599535a758570b57cff9f3e8e60fc909dbe4aef94e0caef66152,sha256:d68993b27cd91c9c07919de3fb89a0c95b2c89f390dc4b8ef5a936c782ba7771,synthetic,True,JPLAG,6.2.0,0.7692307692307693,MATCHED,
SEED-VALIDATION-07-DP-VARIANT-02-PARAMETER_RENAME,SEED-VALIDATION-07-DP-VARIANT,validation,TRANSFORMED,PARAMETER_RENAME,python,seed-validation-07-dp-variant--8d24e7e72dc85995,seed-validation-07-dp-variant--4308d394c2b1b288,sha256:8d24e7e72dc8599535a758570b57cff9f3e8e60fc909dbe4aef94e0caef66152,sha256:4308d394c2b1b288c173bd3e5d3218b50a3a739336dfff9c3e13d225ce93cb2e,synthetic,True,JPLAG,6.2.0,1.0,MATCHED,
SEED-VALIDATION-07-DP-VARIANT-03-COMMON_STRUCTURE,SEED-VALIDATION-07-DP-VARIANT,validation,INDEPENDENT,COMMON_STRUCTURE,python,seed-validation-07-dp-variant--8d24e7e72dc85995,seed-validation-07-dp-variant--2883601013c2ee2f,sha256:8d24e7e72dc8599535a758570b57cff9f3e8e60fc909dbe4aef94e0caef66152,sha256:2883601013c2ee2fc1926d2ecd27137ca7b114ac2f19285b2682839c6cf67714,synthetic,True,JPLAG,6.2.0,0.0,MATCHED,
SEED-VALIDATION-08-SIMULATION-01-LOCAL_REORDER,SEED-VALIDATION-08-SIMULATION,validation,TRANSFORMED,LOCAL_REORDER,python,seed-validation-08-simulation--9bae65b037b1c19a,seed-validation-08-simulation--abf37bb45c1d762a,sha256:9bae65b037b1c19a000905b400fb0ff3ef06a21d8948e71d57de4c947ec76d75,sha256:abf37bb45c1d762a3de1250899803f71a2403cd944dd1c4aa34e444ad33fd347,synthetic,True,JPLAG,6.2.0,0.9090909090909091,MATCHED,
SEED-TEST-01-SIMPLE-IO-01-HUMAN_REWRITE,SEED-TEST-01-SIMPLE-IO,test,SUSPICIOUS,HUMAN_REWRITE,python,seed-test-01-simple-io--69d4d260be79d887,seed-test-01-simple-io--959123d703be381d,sha256:69d4d260be79d887b3352f3aaf9d3449f3e1d85de756a7108f527350fe6dd840,sha256:959123d703be381d51960e3815030f555a0e3486c99411234bd1d1df98358388,synthetic,True,JPLAG,6.2.0,0.0,MATCHED,
SEED-TEST-02-ARRAY-LOOP-01-NATURAL_TEMPLATE,SEED-TEST-02-ARRAY-LOOP,test,NATURAL_SIMILAR,NATURAL_TEMPLATE,python,seed-test-02-array-loop--9963a3f13ae23d3c,seed-test-02-array-loop--c28a21970c8ddac3,sha256:9963a3f13ae23d3cfd2366092c61cf7223b07e2be2abac3f49e47b6f94f64018,sha256:c28a21970c8ddac3a1260d7f82fca5f885dbbbf8b9a0cd891cb852948a9092c2,synthetic,True,JPLAG,6.2.0,1.0,MATCHED,
SEED-TEST-02-ARRAY-LOOP-02-VARIABLE_RENAME,SEED-TEST-02-ARRAY-LOOP,test,TRANSFORMED,VARIABLE_RENAME,python,seed-test-02-array-loop--9963a3f13ae23d3c,seed-test-02-array-loop--900a0cda268bd7ec,sha256:9963a3f13ae23d3cfd2366092c61cf7223b07e2be2abac3f49e47b6f94f64018,sha256:900a0cda268bd7ecf68a88d9ba87f1869caf94cd087b7b1248568597140e9e2e,synthetic,True,JPLAG,6.2.0,1.0,MATCHED,
SEED-TEST-03-SORT-TEMPLATE-01-FORMAT_COMMENT_CHANGE,SEED-TEST-03-SORT-TEMPLATE,test,TRANSFORMED,FORMAT_COMMENT_CHANGE,python,seed-test-03-sort-template--9e81352ed12d1dff,seed-test-03-sort-template--a432d252f15b35a6,sha256:9e81352ed12d1dff66694dcddd51464e76236a10f7a262e961ffe71f268bc64c,sha256:a432d252f15b35a6aeaa9992d3b98bdf517d509a3b1e3c6d3c65aab12b3abc70,synthetic,True,JPLAG,6.2.0,1.0,MATCHED,
SEED-TEST-03-SORT-TEMPLATE-02-LOCAL_REORDER,SEED-TEST-03-SORT-TEMPLATE,test,TRANSFORMED,LOCAL_REORDER,python,seed-test-03-sort-template--9e81352ed12d1dff,seed-test-03-sort-template--a9be91c07dd541f6,sha256:9e81352ed12d1dff66694dcddd51464e76236a10f7a262e961ffe71f268bc64c,sha256:a9be91c07dd541f6745a39c32a9bc64c95178c11a46158e29e30f1e86a817735,synthetic,True,JPLAG,6.2.0,0.9545454545454546,MATCHED,
SEED-TEST-04-STRING-PROCESSING-01-FUNCTION_RENAME,SEED-TEST-04-STRING-PROCESSING,test,TRANSFORMED,FUNCTION_RENAME,python,seed-test-04-string-processing--215d4dc208efad25,seed-test-04-string-processing--52b8985c0833798d,sha256:215d4dc208efad25c78019a9c895236b641186f1ee85d8a5b0ee64ba784be6c6,sha256:52b8985c0833798da6961555b8bc9ec03540827dc8804ff4e8d584d9e084a5ae,synthetic,True,JPLAG,6.2.0,1.0,MATCHED,
SEED-TEST-04-STRING-PROCESSING-03-COMMON_STRUCTURE,SEED-TEST-04-STRING-PROCESSING,test,INDEPENDENT,COMMON_STRUCTURE,python,seed-test-04-string-processing--215d4dc208efad25,seed-test-04-string-processing--c34fdfc6f4f1eebc,sha256:215d4dc208efad25c78019a9c895236b641186f1ee85d8a5b0ee64ba784be6c6,sha256:c34fdfc6f4f1eebc2a8ad23a3703528e035602db8aebfcda2ac65beeb924c481,synthetic,True,JPLAG,6.2.0,0.5,MATCHED,
SEED-TEST-05-DFS-GRAPH-01-SPLIT_MERGE,SEED-TEST-05-DFS-GRAPH,test,TRANSFORMED,SPLIT_MERGE,python,seed-test-05-dfs-graph--fdf3e8d883b91816,seed-test-05-dfs-graph--fca0037d7580ff85,sha256:fdf3e8d883b918163b2f6206882d8a566619ba6760fddbfb84a674a07403d0a4,sha256:fca0037d7580ff856863659b22ea1da4e89519eb71910086417535bb07ccb1ea,synthetic,True,JPLAG,6.2.0,0.875,MATCHED,
SEED-TEST-05-DFS-GRAPH-02-HUMAN_REWRITE,SEED-TEST-05-DFS-GRAPH,test,SUSPICIOUS,HUMAN_REWRITE,python,seed-test-05-dfs-graph--fdf3e8d883b91816,seed-test-05-dfs-graph--243e54916ad4a105,sha256:fdf3e8d883b918163b2f6206882d8a566619ba6760fddbfb84a674a07403d0a4,sha256:243e54916ad4a105a6ce1ba157a4881e9fd72672b2b648f82c0e57aad1983380,synthetic,True,JPLAG,6.2.0,0.0,MATCHED,
SEED-TEST-05-DFS-GRAPH-03-NATURAL_TEMPLATE,SEED-TEST-05-DFS-GRAPH,test,NATURAL_SIMILAR,NATURAL_TEMPLATE,python,seed-test-05-dfs-graph--fdf3e8d883b91816,seed-test-05-dfs-graph--d54fb82248fd5863,sha256:fdf3e8d883b918163b2f6206882d8a566619ba6760fddbfb84a674a07403d0a4,sha256:d54fb82248fd5863ca2793cca37db30f28962f4cc5799aacff223aebc26be7d0,synthetic,True,JPLAG,6.2.0,1.0,MATCHED,
SEED-TEST-06-BFS-GRAPH-02-COMMON_STRUCTURE,SEED-TEST-06-BFS-GRAPH,test,INDEPENDENT,COMMON_STRUCTURE,python,seed-test-06-bfs-graph--a6e8b862ad2242f6,seed-test-06-bfs-graph--fb150215e66da4e5,sha256:a6e8b862ad2242f692e417762686e3bc63b6d38d9bd9cbd66f208e41445d5354,sha256:fb150215e66da4e5bc3eed4cc991132f8e0673e2eef77855e0551ec51225fc91,synthetic,True,JPLAG,6.2.0,0.0,MATCHED,
SEED-TEST-07-DP-VARIANT-02-FORMAT_COMMENT_CHANGE,SEED-TEST-07-DP-VARIANT,test,TRANSFORMED,FORMAT_COMMENT_CHANGE,python,seed-test-07-dp-variant--534767d4579364b3,seed-test-07-dp-variant--325dcb366f6e895d,sha256:534767d4579364b35310c3ea7cab32d0d2dd8201609572b9d96808e3ff6bc131,sha256:325dcb366f6e895d9bfc21f933f324ff7ee70629c8e455cdca7b1966404b6f86,synthetic,True,JPLAG,6.2.0,1.0,MATCHED,
SEED-TEST-07-DP-VARIANT-03-INDEPENDENT_SOLUTION,SEED-TEST-07-DP-VARIANT,test,INDEPENDENT,INDEPENDENT_SOLUTION,python,seed-test-07-dp-variant--534767d4579364b3,seed-test-07-dp-variant--1e6c1b90b3e3966e,sha256:534767d4579364b35310c3ea7cab32d0d2dd8201609572b9d96808e3ff6bc131,sha256:1e6c1b90b3e3966ee861b95a86d57edd7b5660197598403a0c8f23274bc3da54,synthetic,True,JPLAG,6.2.0,0.5217391304347826,MATCHED,
SEED-TEST-08-SIMULATION-02-SPLIT_MERGE,SEED-TEST-08-SIMULATION,test,TRANSFORMED,SPLIT_MERGE,python,seed-test-08-simulation--a2cb4d892b1c6036,seed-test-08-simulation--8a8a0ab82c85a7dd,sha256:a2cb4d892b1c603689ea395aae33c8db05bcd26c011477b7ccd9fb84f6f92473,sha256:8a8a0ab82c85a7dde98e4707a6310bb3e2ab2ef00596252090eda87270fc55fd,synthetic,True,JPLAG,6.2.0,0.75,MATCHED,
